Compound,Protein,label
CC1CC2NC3C(=O)NC(=O)NC3N(CC(O)C(O)C(O)COP(=O)(O)O)C2CC1C,MHVFWFIPTHGDSRYLGTSEGARAVHYDYLRQVATAADTLGYEGVLIPTGRSCEDPWVVASALAPVTRRLKFLVAVRPGLHQPALAARMAATFDRLSGGRLLINLVTGGDRTELEGDGVFLDHAQRYAQSEEFIRIWREILSRSHEGGTFDYEGEHLSVKGAKLLYPPVQKPYPPVYFGGSSEAAHDLAAEQVDTYLTWGEPPAAVAQKVADVRARAAQRGRTVRFGIRLHVIVRETDAAAWAAAEELISRVQDETVAQAQAVFSRMDSEGQRRMAALHAGGTRRSRADLEISPNLWAGVGLVRGGAGTALVGDPQTVAARMQEYADLGIDTFVLSGYPHLEEAYRFAELVFPLLPAEVRERIGGGRAAGPLTGPFGEIVGNQYVPRAAQS,1
NC(CCO)C(=O)O,MIPLSIRVPASTANVGPGFDSVGIALSLYLHVVVKEKSDKWQVIHSFEDSIPTDDKNLIVSTACKVCPSLSPHIIEVTSNIPLTRGLGSSASAIVAGIELANQLGKLNLTTDQKVQIATNFEGHPDNVAASILGGTVIGALDGKNVSVVRIESKELGVISLIPNEELNTDESRSVLPDVFPFHEAVKASAISNVLVAALCQKKWEVVGEMMEMDHFHEPYRLELVPLLPSIRKCAKEFGAYGTALSGAGPSIFILTPYEKRQEIAEQLARVFTSMKVCELEIDHRGITVNKKEHIGL,1
NC1C(O)OC(COP(=O)(O)O)C(O)C1O,MRLIPLTTAEQVGKWAARHIVNRINAFKPTADRPFVLGLPTGGTPMTTYKALVEMHKAGQVSFKHVVTFNMDEYVGLPKEHPESYYSFMHRNFFDHVDIPAENINLLNGNAPDIDAECRQYEEKIRSYGKIHLFMGGVGNDGHIAFNEPASSLASRTRIKTLTHDTRVANSRFFDNDVNQVPKYALTVGVGTLLDAEEVMILVLGSQKALALQAAVEGCVNHMWTISCLQLHPKAIMVCDEPSTMELKVKTLRYFNELEAENIKGL,1
Cc1ncc(COP(=O)(O)O)c(C=O)c1O,MTNVTGTERVKRGMAEMQKGGVIMDVINAEQAKIAEEAGAVAVMALERVPADIRAAGGVSRMADPTIVEEVMGAVSIPVMAKCRIGHLVEARVLESLGVDYIDESEVLTPADEVYHLNKRDYTVPFVCGCRDIGEAARRIAEGASMLRTKGEPGTGNIVEAVRHMRQVNAEIRQVASLREDELMTYAKNTGAPYEVLLEIKRLGRLPVVNFAAGGVATPADAALMMQLGADGVFVGSGIFKSENPERFARAIVEATTHYEDYELIASLSKGLGNAMKGIEISTLLPEQRMQERGW,1
C=C(CC(=O)SCCNC(=O)CCNC(=O)C(O)C(C)(C)COP(=O)(O)OP(=O)(O)OCC1OC(n2cnc3c(N)ncnc32)C(O)C1OP(=O)(O)O)C(=O)O,MNIHEHQAKAVLAEFGAPVPRGFAAFTPDEAAAAAEKLGGPVFVVKSQIHAGGRGKGKFEGLGPDAKGGVRVVKSVEEVRSNAEEMLGRVLVTHQTGPKGKQVNRLYIEEGAAIAKEFYLSLLVDRASSKVSVVASTEGGMDIEDVAHSTPEKIHTFTIDPATGVWPTHHRALAKALGLTGGLAKEAASLLNQLYTAFMAKDMAMLEINPLIVTADDHLRVLDAKLSFDGNSLFRHPDIKALRDESEEDPKEIEASKYDLAYIALDGEIGCMVNGAGLAMATMDIIKLYGAEPANFLDVGGGASKEKVTAAFKIITADPAVKGILVNIFGGIMRCDIIAEGVIAAVKEVGLQVPLVVRLEGTNVELGKKIISESGLNVIAANDLSDGAEKIVAAVKGAR,1
CSCC1OC(OP(=O)(O)O)C(O)C1O,MEQVIGVIGGSGLYEMEGLQDVRSIVVETPFGAPSDEFVTGVLDGVRMVFLPRHGRGHRLLPTEVNYRANIYGMKKLGVTRIISVSAVGSMREEIVPGHIVIPDQFIDRTNATRANTFFGNGVVAHIQFADPVCADLSADLYAAAQEAGATVHRGGTYICMEGPAFSTRAESNLYRSFGVSVIGMTNIPEAKLAREAEICYGVIALATDYDCWHESHDDVSVDAIIAIIKQNVAMAKSIIRNAVRRIDRERNCPCASALRYAIITDKAAIPAETKERLDLIIGSYV,1
CC(C)=CCCC(C)=CCCC(C)=CCCC(C)=CCCC(C)=CCCC(C)=CCCC(C)=CCc1c(C)c(O)c2ccccc2c1O,MSNHSPNPEIIRNMFSKVAANYDKGNNVLSMGIHHLWRKKLVKYSGAKAGDQVLDCATGTGDLAIEFKKTVGTGAVTGTDFCAEMLIPAPGKAKERGLDITFEQADVTQLQYADNSFDVCSISFGIRNVGDPVKALKEMARVTRPGGKVMVLEFGQVNIPVFGALYNFYSQNILPKIGGIVTGQKEAYEYLQKSSAAFPCREGFLDLMKESGAYSKMEYITLTGGIAYIYKGTVK,1
Nc1ccn(C2CC(O)C(CO)O2)c(=O)n1,MHPRFQTAFAQLADNLQSALAPILADHHFPAMLTAEQVSTLKNTAGLDEDALAFALLPLAAACARTDLSHFNVGAIARGVSGNWYFGANMEFLGATMQQTVHAEQSAISHAWLRGEKGLAAVTVNYTPCGHCRQFMNELNSGLDLRIHLPGRAPHTLRDYLPDAFGPKDLEIKTLLMDEQDHGFTLTGDTLTQAAITAANKSHMPYSHSPSGVALECKDGRIFTGSYAENAAFNPTLPPLQGALNLLSLNGYDYADIQRAILAEKGDAALIQWDATAATLKALGCHNIDRVLLG,1
Nc1ncnc2[nH]cnc12,MKEFDLESYDYYLPKELIASYPVLPKEKAKLLVYERRSQKITHTTFEHVLDFFPKNALIVLNDTKVIKARLFGSKHAFLPSKTTEVFFHRFFKNNTALTQIKGKIKVGDKIFFDANYHAEVLELLHNGQRLIAFYDNKTPLNQENILKLLEQYGHMPLPPYIKRADESLDAHEYQSVFAKHMGAVAAPTASLHFSQNTLEKLLKDFKHAFLTLHVGAGTFLSVETKDIREHQIHTEVLRIPKKSQEILQKSQEILCVGTTALRSVEYFKRLENPNQEAFECDIFLHFANPILHVNYLLTNFHLPKSSLLMLVSTMIGLEKTKEIYKTAIEKKYRFYSYGDGMLIL,1
C[S+](CCC(N)C(=O)O)CC1OC(n2cnc3c(N)ncnc32)C(O)C1O,MRVSDFNFDLPDELIARYPKTDRVSCRLLQLNGENGEIFHRTFSDVLDLIDEGDLLIFNNTRVIPARMFGRKASGGKIEVLVERMLDEHRFLAHIRSSKSPKEGAELFLGEDKLGENNGIKAVMKARHSSLFEVELSDKSTALLDVLQTIGHMPLPPYIDRPDEEADKECYQTVYSKVPGAVAAPTAGLHFDENLLEKLKAKGVNFEFVTLHVGAGTFQPVRVENIEDHVMHAEYVEVSQEVCNAIIATKKAGKRVIAVGTTSVRSIESAALSAEEFGNPDLIEPYFSDTSIFIYPGKKFRVVDCLITNFHLPESTLIMLVSAFAGYKNTMNAYKHAVQEKYRFFSYGDAMFINKNSNVRGLE,1
O=P(O)(O)OCC1OC(O)C(O)C(O)C1O,MNGDLNSWDKFCNYLWFDKKLNIWLDISKINFTSKEIKNLEDKFKDVFSSIKELENGAISNIDENRQVGHYWLRNPSISPSSKIGEEIRADINSISEFGKQILNGDIKNKNNQQYTDVLWIGIGGSGLGPLLITESLQKCSKGLNFSYIDNVDPFLISEKLEELSEKLSTTLFVVVSKSGGTPEPRIAMEIIKSHCENNSLEWNSNAIAITMKGSKLFKKATSENWLKIFNLQDWVGGRTSITSSVGLLPLALINENISEFIRGASLMDETTRIRDFKNNPAALLSSAWYLTGDGIGKRDMVVLPYRDRLQVFSKYLQQLVMESLGKKFNRNGQVVNQGISVFGNKGSTDQHAYVQQLRDGIDNFFCIFIELLDSPSTNIFDEKENPKEYLSGFLQGTRSALSSENRQSITITLEKLNCFSLGALIALFERAVSFYAELVNINAYDQPGVEAGKKAAANIIEYQQKVSHLLDEGGEYSINDITSLFDNSVSEPIFFILREMCFGNDNYLVKGDWSNPNSLVIQKINS,1
CC12CCC3C(CC=C4CC(O)CCC43C)C1CC(O)C2=O,MAGWSCLVTGGGGFLGQRIICLLVEEKDLQEIRVLDKVFRPEVREEFSKLQSKIKLTLLEGDILDEQCLKGACQGTSVVIHTASVIDVRNAVPRETIMNVNVKGTQLLLEACVQASVPVFIHTSTIEVAGPNSYREIIQDGREEEHHESAWSSPYPYSKKLAEKAVLGANGWALKNGGTLYTCALRPMYIYGEGSPFLSAYMHGALNNNGILTNHCKFSRVNPVYVGNVAWAHILALRALRDPKKVPNIQGQFYYISDDTPHQSYDDLNYTLSKEWGFCLDSRMSLPISLQYWLAFLLEIVSFLLSPIYKYNPCFNRHLVTLSNSVFTFSYKKAQRDLGYEPLYTWEEAKQKTKEWIGSLVKQHKETLKTKIH,1
c1ccc2[nH]ccc2c1,MTKTLTKHLQAIKDSKRGIFVPYIMAGDHAKGLDGLFETITLLENSGVSAIEVGIPWSDPVADGPIIELAGQRSLAKDVTLTAIIKKLQEKKTQVPLVIMTYINPVYQYGIEAFVKDLAETSVKGLIIPDLPNEHADFITPYLRDSDIALVPLVSLTTGIDRQKQLIDGAEGFIYAVAINGVTGKTGNYRDDLDKHLSNLTAYADIPVLTGFGVSTEEDIKRFNAVSDGVIVGSKIVRDLHDGKEEEVAEFVTFGSHFEK,1
OCC1OC(n2cnc3cncnc32)CC1O,MATPHINAEMGDFADVVLMPGDPLRAKYIAETFLEDAREVNNVRGMLGFTGTYKGRKISVMGHGMGIPSCSIYTKELITDFGVKKIIRVGSCGAVLPHVKLRDVVIGMGACTDSKVNRIRFKDHDFAAIADFDMVRNAVDAAKALGIDARVGNLFSADLFYSPDGEMFDVMEKYGILGVEMEAAGIYGVAAEFGAKALTICTVSDHIRTHEQTTAAERQTTFNDMIKIALESVLLGDKE,1
NC(C=O)CCC(=O)O,MELLHSINDFNEAKQVIAGGVNSPVRAFKSVKGTPPFILKGKGAYLYDVDNNHYIDFVQSWGPLIFGHADEEIEENIINTLKKGTSFGAPTELETTLAKEIISCYEGLDKVRLVNSGTEATMSAIRLARAYSQKDDLIKFEGCYHGHSDSLLVKAGSGCVTFGSPSSLGVPNDFSKHTLVARYNDLNSTEECFKKGNVGCVIIEPIAGNMGLVPAQKEFLLGLKALCEKYQAVLILDEVMSGFRASLSGSQEFYGVVPDLVTFGKVIGAGLPLACFGGRAEIMDLLSPIGGVYQAGTLSGNPLAVCAGLSALYKIKRDKTLYTRLNALAIRLTQGLKKSAQSYNIALETLNRGSMFGFFFNENAVCDFDDALKSDTEMFAKFHQKMLFKGVYLACSSFETGFICEPMTEEMIDLVVAKADESFDEIIKGV,1
CC(C)(COP(=O)(O)OP(=O)(O)OCC1OC(n2cnc3c(N)ncnc32)C(O)C1OP(=O)(O)O)C(O)C(=O)NCCC(=O)NCCSC(=O)CCC(=O)O,ARVCEERGGPAAIMQRRVFVVGVGMTKFAKPSENSVDYPDLAKEAGQKALADAGIPYSAVEQACVGYVYGDSTCGQRAIYHGLGLTGIPIINVNNNCATGSTALFMSRQLVEGGLADCVLALGFERMAKGSLASGFSDRTNPMDKHLEIMINKYGLASAPITPQMFANAGKEHMEKYGTNPEYFAKIAWKNHSHSTNNPYSQFQKKYTLDEVLQSRKVFDFLTVLQCCPTSNGAAAAILASEDFVKRHKLQPQAVEILAQVMATDYPSTFEENSCMKMVGYDMTKKAAEKCFKKAGLKPTDVDVIELHDCFSVNEFITYEALGLCPEGKACDLIDRGDNTYGGKWVINPSGGLISKGHPLGATGLAQSAELCWQLRGLAGRREVGGARRALQHNLGLGGAVVVTLYAMGFPGAASDGGVTAVPLSAAVDGFKSHLVFKEIEKKLQEEGEQFVKKIGGVFAFKIKDGPGGKEATWVVDVKNGKGSVAVNSDKKADCTITMADTDLLALMTGKMNPQTAFFQGKLKISGNMGMAMKLQNLQLQPGKAKL,1
NC(=O)c1ncn(C2OC(COP(=O)(O)O)C(O)C2O)c1N,MLTKRIIPCLDVKGGRVVKGVQFLGLRDAGDPVEIAELYDQQGADELTFLDITASSDDRDIIIDVVRRTAERVFMPLTVGGGVRVVEDIRRLLNAGADKVSINTAAVHRPEFVSEAAEKFGSQCTVVAIDARSRAGGGWEVYTHGGRNPTGIDAVEWAQRMEGMGAGEILLTSMDRDGTKDGYDLPLTRAVVDAVSIPVIASGGVGGLSHLYDGFTQAGASACLAASIFHYREYTIEEAKSYLRERGVPVRL,1
NC(=O)OP(=O)(O)O,MLEKRYLVLEDGSYYEGYRLGSDDLSIGEIVFNTAMTGYQETISDPSYTGQIITFTYPLIGNYGINRDDFESLTPKLNGVVVKEASTHPSNFRHQKTLHETLAQYHIPGISGVDTRSITRKIRNHGVLRAGFTDNKDNIQELVEQLKTAELPRDEVQTVSTKTPYVSTGSDLSVVLLDFGKKQNIVRELNLRGCNVTVVPYDTSAEEILSMSPDGVMLSNGPGDPDEVDVALDMIRGILGKIPFFGICLGHQLFALSQGATSFKMKFGHRGANHPVKDLRTGKIDITSQNHGYSIDRDSLKNTDLEVTHIALNDGTVEGLRHKELPAFSVQYHPEARPGPSDSNYLFDEFITMMKDFKEKERQINA,1
Nc1nc(=O)c2ncn(C3CC(O)C(COP(=O)(O)O)O3)c2[nH]1,MKGKFIVIEGIDGCGKTTQIDELSKWLPSSGLIKKGSKLITTREPGGSHLGKRLRGLILDNNQNNKPSPLAELLLYSADRAEHVYKIISPALNNNDWVISDRFSDSTLAYQGYGRNINLEIIKNIESIVCQGESPDLTFFLEISPEESIFRRKNQIPDRIESEGIEFLEKVNKGFKIIAKEKNWTVISASQNIKTISNQIKETVLNNFSKNT,1
N=C(NCCCC(N)C(=O)O)NC(CC(=O)O)C(=O)O,MSSKAWGGRFQQQPEDWVDEFNASIDFDQTLLDEDVQGSIAHATMLANQNIISQDDKDAIINGLKEIQQDFHNGKLAFKKSLEDIHLNIEHELIQRVGDAGGKLHTGRSRNDQVATDLHLYVKKEVLEIQDLIRSFQTSILKLAQSHVDTIMPGYTHLQRAQPISFAHHVMTYFWMLERDYSRFVDSMKRIDISPLGAAALSGTTHPIDRHETQQLLEFSSVYENSLDAVSDRDYIIETLHNISLTMIHLSRFAEEIIFWSTDEAKFITLSDAFSTGSSIMPQKKNPDMAELIRGKVGRATGHLMSMLVTLKGLPLAYNKDLQEDKEGLFDSVRTIKGSLRIFEGMLDTMTVNTDRLNETVHQDFSNATELADYLVAKDVPFRKAHEIVGKIVFECIQQGIYLLDVPLERYKELNSNIDQDVYDYLKPENCLSRRKSYGSTGQDAVRHQLKVAEKLLNND,1
C=C(OP(=O)(O)O)C(=O)O,MADGTPRTHRNPQAAQLIEIALSRGEGELTANGALVAKTGERTGRSPNDRFIVKEPSSENDIDWGSVNKPFEQEAFTALWNRVEAYLGDKELFVSELEVGADDAHYQPIQVTTETAWHQLFARNLFIVPEEFNSADKPVWQIINAPGFECVPERDGTHSDATVILNFAERKVLLAGLKYAGEMKKSMFSVQNFLLPAKGVLPMHCSANVGKEGDTTLFFGLSGTGKTTLSADPKRFLIGDDEHGWAPGGVFNIEGGCYAKCIDLSQKNEPVIWNAIRFGTVLENVVMDENRIPDYTNSTLTENSRAAYPLEHIELRKAENRGAEPHAVVFLTCDVSGVLPPVSILTKEQAAYHFLSGYTAKVGSTEMGSSSAIQSTFSTCFGAPFFPRPAGVYAELLMKRIESFGSQVYLVNTGWTGGPHGVGKRFDIPTTRAIVDAIVSGELKGVETEHLEKLNLHVPVAVPGVETQLLNPVNTWADKAQYAEYAQQLADSFTANFEKYQVPDSIKHAGPNA,1
Cc1cn(C2CC(O)C(COP(=O)(O)OP(=O)(O)O)O2)c(=O)[nH]c1=O,MKRTLSILKPDVISRNITGKVNAYIEAAGLQIIAMKQLHLTRIQAEAFYVVHKDRFFFNDLVNFMTSAPVIVQVLSGDDAVHRYRKLMGDTDPKKAAKGTIRGDFAESIDANCVHGSDSEENAKNEIAFFFSRCEIFDR,1
CC(=O)NC(CCC(=O)O)C(=O)O,MNESESEIQARLLAQALPFMQRYENKTIVVKYGGHAMGNPELGKAFASDIALLKQSGVNPIVVHGGGPQIGAMLTKMGIESKFEGGLRVTDQKTVEIVEMVLAGSINKEIVALINQTGEWAIGLCGKDGNMVFAEKARKTIKDPDSNIERVLDLGFVGEVVEVDRTLLDLLARSEMIPVIAPVAPGRDGATYNINADTFAGAIAGALNATRLLFLTDVPGVLDKKGQLIKELSVAEAHALIADGTISGGMIPKVETCIDAIKAGVQGVVILNGKTAHSVLLEIFTEHGIGTLIVP,1
O=C(OP(=O)(O)O)C(O)COP(=O)(O)O,MAKIAINGFGRIGRLALRRILEVPGLEVVAINDLTDAKMLAHLFKYDSSQGRFNGEIEVKEGAFVVNGKEVKVFAEADPEKLPWGDLGIDVVLECTGFFTKKEKAEAHVRAGAKKVVISAPAGNDLKTIVFNVNNEDLDGTETVISGASCTTNCLAPMAKVLNDKFGIEKGFMTTIHAFTNDQNTLDGPHRKGDLRRARAAAVSIIPNSTGAAKAISQVIPDLAGKLDGNAQRVPVPTGSITELVSVLKKKVTVEEINAAMKEAADESFGYTEDPIVSADVVGINYGSLFDATLTKIVDVNGSQLVKTAAWYDNEMSYTSQLVRTLAYFAKIAK,1
C=Cc1c(C)c2cc3[nH]c(cc4nc(cc5nc(cc1[nH]2)C(C)=C5CCC(=O)O)C(CCC(=O)O)=C4C)c(C)c3C=C,MSQEKYGVLMVNLGTPEAPTPRAVKRYLAEFLSDKRVVDTPRALWLPLLYGAILPLRSPRVAKLYQSVWMDEGSPLLVYSRRQQQALAASLPDVAVELAMSYGQPALPQAIARLLAQDITRLVILPLYPQYSCSTSAAIWDAVARILTGYRRLPSISFIRDYAAHPAYIAALAASVERAFTRHGRPDRLIISFHGIPQRYAEEGDDYPQRCDVTLQALAAALDYPPEQVMMTFQSRFGRDPWLLPATDETMKSLPSAGVQHVQVICPGFAADCLETLEEIQVQNREIFEHAGGSTFHYIPALNDDAAHVDLLHQLVTAALRPSAPPPAVVSLASF,1
Nc1ncnc2c1ncn2C1CC(O)C(COP(=O)(O)O)O1,MRLILLGGPGAGKGTQANYIKEKYGIPQISTGDMLRAQIKAGTELGMKAKAIMDAGGLVSDDIIIGMVKARLQEADCKNGYLFDGFPRTIPQAEAMKAAGVPIDYVVEIDVADEEIIKRMSGRRVHVASGRTYHVVFNPPKVAGKDDVTGEDLIQRDDDQEETVKKRLDVYHAQTEPLVKYYGDWAARGEAGAPKYVKISGVGKVEQIRDSIFAALG,1
NC(N)=O,MQYSTLAGQTDNSLVSNNFGFLRLPLNFMPYESHADWVITGVPYDMAVSGRSGARFGPEAIRRASVNLAWEHRRFPWTFDVRERLNIIDCGDLVFSFGDSRDFVEKMEAHAGKLLSSGKRCLSLGGDHFITLPLLRAHARYFGKLALIHFDAHTDTYDNGSEYDHGTMFYTAPKEGLIDPSRSVQIGIRTEHSKKLPFTVLTAPQVNEDSVEETVRKIKETVGNMPVYLTFDIDCLDPSFAPGTGTPVCGGLSSDRALKILRGLTDLDIVGMDVVEVAPSYDQSDITALAGATIALEMLYLQGAKKD,1
CC(C)(COP(=O)(O)OP(=O)(O)OCC1OC(n2cnc3c(N)ncnc32)C(O)C1OP(=O)(O)O)C(O)C(=O)NCCC(=O)NCCSC(=O)c1cccc(O)c1,MAPAMEYSTQNGQGEGKKRASVLAIGTTNPEHFILQEDYPDFYFRNTNSEHMTELKEKFKRICVKSHIRKRHFYLTEEILKENQGIATYGAGSLDARQRILETEVPKLGQEAALKAIAEWGQPISKITHVVFATTSGFMMPGADYVITRLLGLNRTVRRVMLYNQGCFAGGTALRVAKDLAENNEGARVLVVCAENTAMTFHAPNESHLDVIVGQAMFSDGAAALIIGACPDVASGERAVFNILSASQTIVPGSDGAITAHFYEMGMSYFLKEDVIPLFRDNIAAVMEEAFSPLGVSDWNSLFYSIHPGGRGIIDGVAGNLGIKDENLVATRHVLGEYGNMGSACVMFILDELRKSSKVNGKPTTGDGKEFGCLIGLGPGLTVEAVVLQSVPILQ,1
CC(=O)NC1C(O)CC(O)(C(=O)O)OC1C(O)C(O)CO,MATNLRGVMAALLTPFDQQQALDKASLRRLVQFNIQQGIDGLYVGGSTGEAFVQSLSEREQVLEIVAEEAKGKIKLIAHVGCVSTAESQQLAASAKRYGFDAVSAVTPFYYPFSFEEHCDHYRAIIDSADGLPMVVYNIPALSGVKLTLDQINTLVTLPGVGALKQTSGDLYQMEQIRREHPDLVLYNGYDEIFASGLLAGADGGIGSTYNIMGWRYQGIVKALKEGDIQTAQKLQTECNKVIDLLIKTGVFRGLKTVLHYMDVVSVPLCRKPFGPVDEKYLPELKALAQQLMQERG,1
CC(=O)C(=O)O,AADGYARARGVGACVVTFTVGGLSVLNAIAGAYSENLPLICIVGGPNSNDYGTNRILHHTIGLQDFSQEPRCFQTVTCYRAVVNNLEDAHELIDTAVSTALKESKPVYISIGCNLPGIPHPTFSREPVPFALSPRLSNMMGLEAAVEAAAEFLNKAVKPVLVGGPKMRVAKASDAFVELSDACGYAVAVMPSAKGLFPEHHSHFIGTYWGAVSTAFCAEIVESADAYLFAGPIFNDYSSVGYSLLLKKEKAIIVQPDRVTIGNGPAFGCVLMRDFLAALAKRLKHNPTAFENYHRIYVPEGHPLKCEPKEALRVNVLFQHIQNMLSGDSVVIAETGDSWFNCQKLKLPKGCGYEFQMQYGSIGWSVGATLGYAQAAPEKRVIACIGDGSFQVTAQDISTMLRCGQRTIIFLINNGGYT,1
NC(=O)O,MSLATLDATQHPNLPASAATLFKAKAQKKLSFEQIAQHIGRNEVATAALFYGQAKASPEDIQKLSELLNISPQVLEEQLSGFPDRGRSVEMPPKEPLIYRLYEIVQNYGYAYKAVLNEKFGDGIMSAISFSTKVEKETDADGNNWAVITLRGKW,1
Nc1nc2[nH]cnc2c(=O)[nH]1,MSRLQFQLQTTDGHARRGRLTFPRGTVETPAFMPVGTYGSVKGILPEQIRALGAEIILGNTFHLYLRPGLDVIGDHGGLHGFARWDGPILTDSGGFQVFSLAHRRKITEQGVTFSSPTDGARVFLGPEESMQIQKVLDSDIVMIFDECTPYPATEDVARRSMELSLRWAQRSRQAHDGLGNDAALFGIVQGGVHPDLRSRSLDGLQAIGFDGYAIGGLAVGEPEHERNAMLEHLHPRLPAERPRYLMGVGRPEDLVEGVARGVDMFDCVMPTRNARNGHYFTSFGTVRIRNAKYERDLDTIEPGCGCHACSSGYTRAYLRHLDRCNEMLAPMLGTLHNLWYYEKLMADMRAAIAAGTFVEFRRSFYAARGATTPPLPGESS,1
CC(=O)NC1C(OP(=O)(O)OP(=O)(O)OCC=C(C)CCC=C(C)CCC=C(C)CCC=C(C)CCC=C(C)CCC=C(C)CCC=C(C)CCC=C(C)CCC=C(C)CCC=C(C)CCC=C(C)C)OC(CO)C(O)C1O,MLRSVVLAGGGTAGHVEPALAVADALRAADPRARLTLLGTATGLEARLVPARGYELATVPKVPMPRRPTPALLKLPVRLFDAVRQAGATLDRVRADVVVGFGGYVSVPAYLAARRRGIPIVVHEANPLPGMANRLGARFTPFVATSYPSTPLRGATLTGIPLRAEILSLDRSPAAARAARARYGLDPHRPTLLVFGGSQGARSLNQVMTTAAHSLATAGVQVLHAAGPKNFEEVAAALPRGLPAPYELRPYLDDIMSAYAAADMTLCRSGAMTCAELAAVGLPAAYVPLPHGNGEQRRNALPTVEAGGGLLVEDAALDEDWLLANVLPVLTSAERLAKMSAACAGTGYPQAAAAIVAMVRDAAATRRRSRPRHAAS,1
O=C(O)c1ccc(C(=O)O)cc1,MNHQIHIHDSDIAFPCAPGQSVLDAALQAGIELPYSCRKGSCGNCASTLLDGNIASFNGMAVRNELCASEQVLLCGCTAASDIRIHPSSFRRLDPEARKRFTAKVYSNTLAAPDVSLLRLRLPVGKRAKFEAGQYLLIHLDDGESRSYSMANPPHESDGITLHVRHVPGGRFSTIVQQLKSGDTLDIELPFGSIALKPDDARPLICVAGGTGFAPIKSVLDDLAKRKVQRDITLIWGARNPSGLYLPSAIDKWRKVWPQFRYIAAITDLGDMPADAHAGRVDDALRTHFGNLHDHVVHCCGSPALVQSVRTAASDMGLLAQDFHADVFATGPTGHH,1
C=C(OC1CC(C(=O)O)=CC(OP(=O)(O)O)C1O)C(=O)O,MSHDSEPQPVTAHPAGPLTGALKPPGDKSISHRAMIFGLLSVGETRVEGLLEGDDVLRTAAAVKALGAQVTREGEGRWRIVGVGIGGMQDPVGVLDFGNAGTGSRLMMGVVGGQPVTATFDGDASLRKRPMRRILDPILKMGAEVVSEAEGGRVPLTLRGPREAIPIRYELPVASAQIKSAVLLAGLNAPGTTTVIEKAASRDHTERMLRLFGADVSVTPSGEGGHGRTVTLTGQPTLRGTDVIVPADPSSAAFPLVAALIVPGSEVILRGVMMNPLRTGLITTLIEMGADIERFDEREEGGETVADLRVRASRLRGVDVPAERAPSMIDEYPILAVAAAFAEGTTRMNGLHELRVKESDRLAAVAAGLAANGVGHDIEGDDLIVTGNGGPPAGGGTVATHLDHRIAMAFLVMGLATRKPVTVDDGAMIATSFPSFRPTMLALGARIEDGAAA,1
O=C(COP(=O)(O)O)C(O)C(O)C(O)C(O)COP(=O)(O)O,MSEIRTLGEFIVAKQHDFPHASGELSSLIGSIKLAAKIVNREINKAGLVDITGASGEENIQGEQQQKLDVYANDKFKAALEARDQVCGVASEEEDEAVAFNKELNQNAKYVVLMDPLDGSSNIDVNVSVGTIFSIYRRISPIGTPATEEDFLQPGHKQVAAGYIIYGSSTMLVYTTGNGVHGFTYDPSLGVFCLSHENMQVPKDGNIYSINEGNYIRFPEGIKQYLKFCQESKPEDNRPYTSRYIGSLVADFHRNLLKGGIYLYPSTQAYPNGKLRLLYECNPMAMLIEEAGGKATDGEQRILDIKPSELHQRVPFFVGSTNMVDKVHAFLDEWRD,1
O=c1ccn(C2CC(O)C(COP(=O)(O)OP(=O)(O)OP(=O)(O)O)O2)c(=O)[nH]1,MHALQAKILDPRLGSEFPLPQYATPGSAGLDLRALLKEDTVLEPGQTLLIPTGLSIYIGDPGLAAMILPRSGLGHKHGIVLGNLVGLIDSDYQGELMVSCWNRGNTPFTIAVGERIAQLVLVPVVQAHFEVVEAFDESQRGTGGFGHSGSH,1
NC(CCC(=O)O)C(=O)O,MPPRRDLKKILIIGSGPITIGQAAEFDYSGTQAVKALRGAGYRVVLVNSNPATIMTDPELAERTYIEPLDLEHLEGILAREAPDALLPTLGGQTGLNLAMALHEEGILQKYGVELIGAKAEAIRKGEDREAFQEAMQRIGLEVPRGQLVGSVEEGLHFAREVGFPVVVRPSFTLGGTGGGIAHDEAELVEVLSRGLTLSPVHTALVEESVLGWKEFELEVMRDHADTVVIITSIENVDPMGVHTGDSITVAPAQTLSDVEYQRMRDAAKAIIREIGVETGGSNIQFAVDPKTGRQVVIEMNPRVSRSSALASKATGFPIAKIAALLAVGYRLDELPNDITRKTPASFEPTIDYVVVKIPRFAFEKFRPLRNTLGELKDELTTQMKSVGEVMAIGRTFKEALMKALRGLERDVRALAGVRTEELEKKLYPNPDRVYAVMELLRRGMPVEELYQATRIDPWFLHQMKEVVEAEEWLKTHPPKDREDWRFYKGLGLTDRRIGELVGKGEKEVRAERKALGVVPVYKTVDTCAAEFEAYTPYHYSTYELEDEVWPSQKPKVVILGSGPIRIGQGVEFDYATVHAVWALKEAGYETIMVNSNPETVSTDYDTADRLYFEPLTLEDVLNIVEHEKPIGVIATLGGQTPLKLAKGLEEAGVRLLGTPFSAIHQAEDREAFHALCQRLGIPQPEGRVAQSPEEALRLAPEVGFPLLVRPSYVLGGRAMQVVRDEGELKRYLEEVYAPLEERPSILLDRFLEGAVELDVDALSDGQEVMVAGIMEHVERAGVHSGDSATLLPPVHVPEEALKKVRDYTRRLALALGVRGLLNVQYAVVGEEVYVLEANPRASRTVPFVSKAIGVPLAKLAALIAVGKTLKELGVRDLDPVPPYYAAKEVVIPWIKFPGVIPELGPEMRSTGESMGIDQDPYLAYYKAELGAGQRLPLSGRVRFIGEGLEDLKALYQEAGFALTEGEDYDLLISLVPDPELRRAVERGLPFITTREGAWWSLKAILRARESGLRVQSLQDWHQKAPRG,1
CC(=O)SCCNC(=O)CCNC(=O)C(O)C(C)(C)COP(=O)(O)OP(=O)(O)OCC1OC(n2cnc3c(N)ncnc32)C(O)C1OP(=O)(O)O,MQKVKAAIIGSGNIGTDLMYKLRKSEVIDLNAMIGIDVESDGLKRAKEAGYEVFDNGIQAIIDNPSLADIVFDATSAKAHRYHAKTLEELEKIVIDLTPAAYGPFVCPAIRNNNFLDKQNVNMITCGGQATIPIVHAINGVANVTYAEIVATISSLSAGPGTRANIDEFTITTKRGIEEVGGADKGKAIIILNPAEPPILMRDTIYCEVKDMDEVSIYEAIHKMVERVRTYVPGYSLKQEPMFDGNRVTVFLEVEGAGDYFPPYAGNLDIMTAAALKVGEEFATQIISEKKRGVMNEAK,1
Nc1ncnc2c1ncn2C1OC(COP(=O)(O)OS(=O)(=O)O)C(O)C1O,MDQIRLTHLRQLEAESIHIIREVAAEFSNPVMLYSIGKDSSVMLHLARKAFYPGTLPFPLLHVDTGWKFREMYEFRDRTAKAYGCELLVHKNPEGVAMGINPFVHGSAKHTDIMKTEGLKQALNKYGFDAAFGGARRDEEKSRAKERIYSFRDRFHRWDPKNQRPELWHNYNGQINKGESIRVFPLSNWTEQDIWQYIWLENIDIVPLYLAAERPVLERDGMLMMIDDNRIDLQPGEVIKKRMVRFRTLGCWPLTGAVESNAQTLPEIIEEMLVSTTSERQGRVIDRDQAGSMELKKRQGYF,1
Nc1nc(=O)c2ncn(C3OC(COP(=O)(O)OP(=O)(O)O)C(O)C3O)c2[nH]1,MTEYTNLPVKWTNGIVISDERMMLDPLPSEVSAVLDAPINYSYRYNELRRTHSLKLFGVWSGYIPSHADKHLMIFQLLQQEKELTGDEIRLALRQMQGSIKLPINDKLLDSLDRYSLIFAWIAYAGCLDSAFWQQVCADPKCLVYNPDDNLKFSLMFSLARQYSATTRICSADGLRIPSQISPDLGQLAFDLVFNSSVRQTVWFHANDFPAFDFYTKDVGTMVTFHVNFLYNMTHCVPFKTKQSCAEYLIQKAHEAWSVYCGVLNDTIRHRLRLVEGVGIVTLDVDLQILAAVGWYLPLLVYTIRSVSGSDISEWLNVARREFRDLNCSSMINGEGYVGVPEQFWTIHATSKARMWPRVKKYTCDLTDLYNGDLSSTVLGEGASETGTVKWFDVPLGPKVENFRVVGTRIGALSRANVIYNYEDPSDNCDLARAIGSFVPSLPTSGTRDTNGDLEDAKKMFDYRVSQNVYSICQKGKISSLVSRSVKNLRASLMNGELRVYKGSRLWALRAMLFSDKLRYKSDGQVIDPYESHRGKITVRLNNSSLKMLSAFVTLIELAMAQSSGVEDNMLNGRGLSPLQVRSDREVSRVVIAGAINEPLVGCLRRMYPKLSVIGFGMDAVGENERLTVEGASQRNLACDMLISDIDQTFYSDFTKMCNVTVKHALAFSSWSDYVLMKVNYPSSHLLNEIKQALLSRGFSRIVLPVVMCGQNSFTSEVFVYIGRAGVGGHVDFKNNWFTKNDILMRRYRHMKAPLITIPQVVHSVVSKCVTKHDTELFANPGSIVALTVEYASAREVVSLISEVCSPVWTWRTGAGANKFVNIVGMPSKARAALTRRTDEHYYLKAFERNIVGTSFGMYKGIPRIDALNCVSWVTIFGAAMRECLYWIVDTLKVQYNEVISIGARNMTDIEFIKPSVKLTCYDEYYANPQDLATHYNVNYENKYFNWLSPTLVNDSVYVANFVIMAPTEGSESPSATEQLDRIDSVAGAMAKSSITRMTFVGNLYDSRFLADIALSSLPPEGLKVNDTRTTVQIGKYPPCAAVKPSAFLERMKKYKGVLSYHVYPLGYDRVLKTCADNLWIPDVAGSPMLAFCQGLSYAFYITKPAIPDEGIDQFMLDDMPDDGSGSVTPTQSPSPSPSPSAAANTEASTVVEPIDNLNVVSPTVPGQPSQTPVNPNQSTELQSVAKPGIVR,1
CC(C)(COP(=O)(O)OP(=O)(O)OCC1OC(n2cnc3c(N)ncnc32)C(O)C1OP(=O)(O)O)C(O)C(=O)NCCC(=O)NCCSC(=O)CCCO,MSKLNPYFGEYGGMYVPQILMPALKQLETAFIEAQQDEAFQKEFTDLLKNYAGRPTALTLTRNLSPNPLAKIYLKREDLLHGGAHKTNQVLGQALLAKRMGKKEIIAETGAGQHGVATALACALLDLKCKVYMGAKDVERQSPNVFRMKLMGAEVIPVTSGSATLKDACNEAMRDWSASYDKAHYLLGTAAGPHPFPTIVREFQRMIGAETKQQILEREGRLPDAVIACVGGGSNAIGMFADFIDEEEVALIGVEPAGKGIDTPMHGAPLKHGKTGIFFGMKAPLMQDSEGQIEESYSVSAGLDFPSVGPQHAHLAATGRATYESATDDEALETFQLLARSEGIIPALESAHALAYAVKLAKAATKETLLVVNLSGRGDKDIFTVADILEKQQADSSTTEESGNE,1
O=C(CO)C(O)C(O)COP(=O)(O)O,MAKTTPSSPSAAAAAELVVKSVNTIRFLAIDAVENVKSGHPGMPMGCAPMGHVLFDEFMKFNPKNPYWFNRDRFVLSAGHGAMLLYGLLHLAGYDSVKVEDLKGLRQWGSKTPAHPENFETPGVEVTTGPLGQGVGSAVGLALAEKHLGARYNKPDFEMVDHYTYMILGDGCQMEGISNEASSLAAHWGLGKLIALYDDNHITIDGDTDLAFTEDVGKRFEALGWHVLTVANGNDGYDEIREAIKVAKSVTDKPTLIKVATTIGFGSPNKANTYGVHGNALGPKEAEATRQNLGWPYETFHVPDDVKKHWSRHISEGAELESAWNAKFAEYEKKYPKEAAELKSIITGELPLGWEKALPTYTPESPGNPTRTLSHQNLNAVAAVLPGLIGGSADLTASNMAFLKSSGDFQKETPTGRNLKFGAREHGMGAICNGVALHSPGLVPFSATYFVFTDYMRAAIRIAALSKARVVYIMTHDSIGLGEDGPTHQPVEHLASFRAMPNILVLRPADGNETAGAYKVAVENAGRPSILSLSRQKLPQLPGTSVEGVGRGGYVISDNSKDGEKPEVILMGTGSELEIAARAGEELRKEGKKVRVVSLVSWELFGEQSKEYKEMVLPSEVTARVSVEAGSTFGWERFVGLKGRAVGIDRFGASASAERLYKEFGITVEAVVAAAKELC,1
O=C(O)CCC(=O)NC(CCCC(=O)C(=O)O)C(=O)O,MTNHDLASLSQTIETAFEGRDAVNTGTRGAVRDAVETALNLLDSGKVRVAERSEDGTWTVNQWLKKAVLLSFRLNPMELVRGGPGEAVWWDKVASKFDGWSVNEFEKAGFRAVPNCVVRRSAYIAPNAVLMPSFVNLGAYVGEGTMVDTWATVGSCAQIGKNVHLSGGVGIGGVLEPMQAGPTIIEDNCFIGARSEVVEGCIVREGSVLGMGVFIGKSTKIVDRATGEVMYGEVPPYSVVVAGSMASGSTMANGQPAPNLYCAVIVKRVDEKTRSKTGINELLRD,1
N=C(N)NCCCC(N)C(=O)O,MLSTNKNRLIEMLSAALTGLAQERGLEAPPTPRLERPKAVDHGDVACNIALQLSKAWKLNPRELAQALVERLQQQTGFNELIASCEIAGPGFSNFRLSNAAKTAVVQEILSGGTSFGESAPADGSATSAMIEFVSANPTGPLHVGHGRQAALGDALANLLATQGIKVHREFYYNDAGVQIANLALSVQARLQGLKPGDAKWPEQAYNGEYIAEIATTFKASPEFKDDIEAIRQFAVAYLRNEQDIDLKTFGVKFDCYYLESSLYTDGSVAQIVGDLQSIGKTYESEGVLWLKTIDDGDDKDRVMRKSDGSFTYFVPDVAYHTSKWNRGFQKVINVQGSDHHGTIARVRSGLQGVAQKRGWDIPKTYPDYVLHKMVTVMRHGEEVKISKRAGSYVTVRDLVEWSGGVTPEMTSEERELALQRGRDAVRFFLISRKADTEFVFDIDLALQQNDENPVFYVQYAHARISSILQQWGGQTSDLASADLSLLQSKASDHLLRCLAEYPEMLTTAAEELAPHALAFYLRNLAGDFHTFYNADRVLVDDQNLKLARLALLSATRQVLQNGLKVLGVSAPAKM,1
CCCCCCCCCCCC(O)CC(=O)NC1C(OP(=O)(O)O)OC(CO)C(O)C1OC(=O)CC(O)CCCCCCCCCCC,MSNKTPLVFAMVAGELSGDILGAGLMAALQKNHPDARFVGIGGPRMEALGFRSLFAMEELAVMGIVEVLSRLPRLLTVRASLIKEITALKPDCFIGIDAPDFNIGLELKLKARGIKTVHYVSPSVWAWRPKRIFKIAKATHMVLSLLPFEKAFYDQHQVPCTFVGHTLADDIPFQSDKAAARALLGLDADAEYLAILPGSRGGELKQLAEPFVKAALLIRQNFPDIRFVTPLVNQKRRDQFEQALKDFAPDLEIHMIEGQSREVMAAADGILLASGTATLEAMLVKRPMVVAYRVSPITYRIAKRMMQVERFSLPNLLAGKDLVPELIQEDCTPEKIAAAVTLELNRDFAPLKAEFEALHQVLRRDASLKAAEAVMALVEPKHTQAKSPEAN,1
NCC(=O)O,MLSNFKKEKMNTSTTFYEIICTLEKYWHNQNCTIIEPLDISVGAGTFHNKTFFGTIGSKPISMAYVQSSRRPSDGRYGKNPNRLQHYYQFQVIIKPSPHNIQCLYLNSLKKLNIDCKTNDIRFVEDNWENPTLGAWGQGWEVWLNGMEVTQFTYFQQVGGINCNPITTEITYGLERIAMHIQNKSNIYDVIWNQDMNNNIITYGDLFLNNEIEHSSYNFKYADSKLHFDLFEKHLQESNRIMKLFNNLLFPAYEHLIYSIHYFNLLDAKKKFSTTQRQTHILNIRNTSKMIATNYYKKQK,1
Nc1nc2[nH]cnc2c(=O)[nH]1,MTPHINAKKDDIAKVVLMPGDPLRAKWIAEQFMEKPRLVNEVRGMLAFTGQYKGKTITIMGHGMGIPSIGIYSYELMKFYEVNTIIRIGSCGALQGSLNLQDLIIAAKAWSESIYANDMGVEVPADKILMASPQLVELAKKTANQLQLAFHEGLVFCEDAFHQIRKDVLKLAQEKHALAVEMEAHALYANAMLLNKQALTMLTVSDSLVTHAALPAEQRQATFKNMAILSLEMASQLV,1
CCCCCCCCCCCCCC=CC(=O)SCCNC(=O)CCNC(=O)C(O)C(C)(C)COP(=O)(O)OP(=O)(O)OCC1OC(n2cnc3c(N)ncnc32)C(O)C1OP(=O)(O)O,MPRNSGAGYGCPHGDPSMLDSRETPQESRQDMTVGTTQEKLKTSSLTDRQPLSKESLNHALKLSVPEKVNNAQWDAPEEALWTTRADGRVRLRIDPSCPQLPYTVHRMFYEALDKYGDFSALGFKCQDKWEHISYSQYYLLARRAAKGFLKLGLERAHSVAILGFNSPEWFFSAVGTVFAGGIVTGIYTTSSPEACQYIAYDCCANVIMVDTQKQLEKILKVWKQLPHLKAVVIYKEPPPNKMANVYTMEEFMELGNEVPEEALDAIIDTQQPNQCCVLVYTSGTTGNPKGVMLSQDNITWTARYGSQAGDIRPAEVQQEVVVSYLPLSHIAAQIYDLWTGIQWGAQVCFAEPDALKGSLVNTLREVEPTSHMGVPRVWEKIMERIQEVAAQSGFIRRKMLLWAMSVTLEQNLTCPGSDLKPFTTRLADYLVLAKVRQALGFAKCQKNFYGAAPMTAETQHFFLGLNIRLYAGYGLSETSGPHFMSSPCNYRLYSSGKLVPGCRVKLVNQDTEGIGEICLWGRTIFMGYLNMEDKTCEAIDEEGWLHTGDAGRLDADGFLYITGRLKELIITAGGENVPPVPIEEAVKMELPIISNAMLIGTDQRKFLSMLLTLKCTLDPDTSDPTDNLTEQAVEFCQRVGSRATTVSEIVGKDEAVYQAIEEGIRRVNMNAAARPYHIQKWAILERDFSISGGELGPTMKLKRLTVLEKYKDIIDSFYREQKM,1
NC(CCC(=O)O)C(=O)O,MTDLVKLTIAQSHKLLKDHKISSAELTKAHLERIEKLEPEIKAFMTVCPETALSQAEAADKAIKQGDIRPLTGIPMALKDVLCTKGIRTTCSSKMLENFVPPYNAHVVDKLAKEGAVLLGKTNMDEFAMGSSTENSAYFTTRNPWNTDKVPGGSSGGSAACVAASEAVFSLGSDTGGSIRQPASFCSVTGYKPSYGMVSRYGLVAFASSLDQIGPFTKDAMDCALVMNAIAGFDDRDSTSVPQTVPDFSSGLDGNIKGFKLGVPKEYFSQNMRPDITEKINDALGVLSGLGASIDREVSLPHTPYALAVYYILAPSEASANLSRYDGVKYGYSYNPTENMWEAMEKTRAKGFGPEVKRRIMIGTYALSAGYYDAWYVKAQKVRTLISQEFNNAFEKYDALITPTTPNLPFSIGEKLNDPFEMYMCDTCTIPINIAGLPAVSIPAGFVDGLPVGLQIIGKPFADQTTMRIAHAFQCATAWHKETPRL,1
O=C(O)C1=NC(C(=O)O)CCC1,MTPIQALIEDAFERRADITPATVTPETKAAIDAVIADIDAGRLRVAEKIAGEWVTHQWLKKAVLLSFRIRDNAVLDDGVSRYFDKVDTKFADWDAARFQAAGFRAVPGAVVRKGSYIAKNTVLMPSFVNIGAFVDEGTMVDTWATVGSCAQIGKNVHLSGGVGIGGVLEPLQANPTIIEDNCFIGARSEIVEGVIVEEGSVISMGVYIGQSTRIFDRETGEVSYGRVPAGSVVVSGNLPSKDGSYSLYCAVIVKKVDAKTRGKVGINELLRGI,1
CC(CO)(OP(=O)(O)O)C(O)COP(=O)(O)OP(=O)(O)OCC1OC(n2ccc(N)nc2=O)C(O)C1O,MQKPPRTAAIIVAAGRGLRAGAGGPKQYRTLAGRPVIARALQPFCTHPEVFAVQPVTNPDDTATFNEAVAGLDFRPAVGGGATRQASVRAGLEALAELNPDIVLIHDAARPFVTPDLISRAIVAAGQTGAALPVIAVNDTVKQVDAEGCVVATPDRAQLRIAQTPQAFRFDVILDAHRRAARDGRDDFTDDAAIAEWAGLTVSTFEGDAANMKLTTPEDFSREESRLTAALGDIRTGTGYDVHAFGDGDHVWLCGLKVPHNRGFLAHSDGDVGLHALVDAILGALADGDIGSHFPPTDPQWKGAASDKFLKYAVDRVAARGGRIANLEVTMICERPKIGPLRDPMRQRIAEITGVPVSRVAVKATTSERLGFTGREEGIAATASATIRLPWSPWGAEGQAS,1
O=P(O)(O)OCC1OC(n2cnc3c(=S)nc[nH]c32)C(O)C1O,MENLTQKEKNYLLSTIRDVKDFPKPGIIFKDITTLLNNKDAFNFLMSHLAKVYKDKNIDFIAGIESRGFIFGAALAAKINIPFVPIRKPKKLPYITISQKYSLEYGFDEIEIHIDAFSGVKNAKVLLIDDLIATGGTAKAAVELINQTNAKCVEACFLINLKDFGGAEKVAEMTKIYSVLEV,1
CSCCC(N)C(=O)NO,MTRTALVTTALPYANGPLHLGHLVGYIQADIWVRARRLRGDKTWFVCADDTHGTPIMLAAEKAGVTPEAFIASIQASHERDFAAFGVTFDHYDSTNSPVNRELTEAFYTKLEAAGHISRRSVAQFYDPAKGMFLPDRYIKGICPNCGSADQYGDNCEVCGATYAPTELKEPRSVISGATPELRDSEHFFFEVGQFDGFLHEWLAGDVALPGVKAKLKEWLDAEGGLRAWDISRDAPYFGFQMPGQPGKYFYVWLDAPIGYLCSFKTLCAQMGEDFAAHLVDGTQTELHHFIGKDIVNFHGLFWPAVLHGTGHRAPTRLHVNGYLTVDGAKMSKSRGTFVMARTFLDVGLEPEALRYYFAAKSSGGVDDLDLNLGDFIARVNADLVGKFVNLASRCAGFIGKRFDGKLAEALPDAAQYDRFVAALAPIREAYERNDAASAIRQTMALADEANKYIDDTKPWVIAKQDSADAQLQSVCTQGLNLFRVLVAALKPILPRTCAEAEAFLSAPMTSWEDVIRPLTSHTIQPYTALFTRIDPKLIDAMTDASKDTLAAPAAPATTSKAAPAKPDTKPAAAANPQSPISNPSFIGMDDFAKLDLRIGKVLVCECVEGSDKLLRFELDAGELGKRQIFSGIRASYGEPEALVGRSVVFIANLAPRKMRFGISDGMILSAGFDGGALALLDADSGAQPGMPVR,1
CC(C)=CCCC(C)=CCCC(C)=CCCC(C)=CCCC(C)=CCCC(C)=CCCC(C)=CCCC(C)=CCCC(C)=CCCC(C)=CCCC(C)=CCOP(=O)(O)OP(=O)(O)O,MDFFNLLEAAFLGLIEGLTEFIPVSSTGHLLLIGHFLGFESTGKTFEVLIQLGAILAILSVYSAKLARIATDFPRDARTRRFVLGVLVAFLPAAVIGALAHGFIKGVLFETPMLVCIMLIVGGFILLWVDQLNLRPRYHNVMDYPLPICLAIGFIQCLAMIPGVSRSGSTIVGSLLLGADKRSAAEFSFFLAMPTMAGAFAYDLFKSRNILSFNDGALIVVGFIMAFISGVFVVRHLLDYVSRHGFALFGWWRLIVGSAGMAALIIWG,1
NC(CS)C(=O)O,MKLPIYLDYSATTPVDPRVAEKMMQFMTMDGTFGNPASRSHRFGWQAEEAVDIARNQIADLVGADPREIVFTSGATESDNLAIKGAANFYQKKGKHIITSKTEHKAVLDTCRQLEREGFEVTYLAPQRNGIIDLKELEAAMRDDTILVSIMHVNNEIGVVQDIAAIGEMCRARGIIYHVDATQSVGKLPIDLSQLKVDLMSFSGHKIYGPKGIGALYVRRKPRVRIEAQMHGGGHERGMRSGTLPVHQIVGMGEAYRIAKEEMATEMERLRGLRNRLWNGIKDIEEVYLNGDLEHGAPNILNVSFNYVEGESLIMALKDLAVSSGSACTSASLEPSYVLRALGLNDELAHSSIRFSLGRFTTEEEIDYTIELVRKSIGRLRDLSPLWEMYKQGVDLNSIEWAHH,1
O=P(O)(O)OCC(O)CO,MLPELLFIVLLLLSYLIGSISTAIIVCKMFNLPDSRTQGSNNPGATNVLRIGGKKAAAITLIGDGLKGAIPVLIAHYLAFNMLNVTWVILVTFLGHVYPIFFSFKGGKGVATFLGALLALSYLTGLSFIITWVFVAKVLKISSLSALISTVLTPVYFYLITNNLASTYVIILICLWIFYTHQSNIKRLLNSQENKIN,1
Nc1ncnc2c1ncn2C1OC(CSCCC(N)C(=O)O)C(O)C1O,MSVTTQEKDLSYKVKDLSQAEWGRQEIILAEKEMPGLMALRQEYKGKKPLAGARIAGSLHMTIQTAVLIETLTELGAEVRWSSCNIFSTQDHAAAAIAKAGIPVFAWKGETEEEYWWCIEQTIFFGDKGPNMILDDGGDLTAYIHEKYPKLLSEIRGISEETTTGVKSLYKLLKKGELKVPAFNVNDSVTKSKFDNLYGCRESLADGIKRATDVMLAGKVALVCGFGDVGKGSAASLRNFGARVIVTEIDPICALQASMEGYQVLRVEDIIEQVDIVVTATGNDDIITLEHMKAMKDGAILCNIGHFDTEIQMSRLNNEKGVTKKEIKPQVDKYTFPDGKSIIVLAEGRLVNLGCATGHPSFVMSCSFTNQVLAQIELYNNKYELGVYTLPKHLDEKVAALHLEQLGVRLTKLNQKQADYLGVPINGPFKPDHYRY,1
CC(=O)NC1C(OC2C(CO)OC(OP(=O)(O)OP(=O)(O)OCC=C(C)CCC=C(C)CCC=C(C)CCC=C(C)CCC=C(C)CCC=C(C)CCC=C(C)CCC=C(C)CCC=C(C)CCC=C(C)CCC=C(C)C)C(NC(C)=O)C2OC(C)C(=O)NC(C)C(=O)NC(CCC(=O)NC(CCCCN)C(=O)NC(C)C(=O)NC(C)C(=O)O)C(=O)O)OC(CO)C(O)C1O,MSGQPKRLMVMAGGTGGHVFPGLAVAHHLMSQGWQVRWLGTADRMEADLVPKHGIDIDFIRISGLRGKGVKALLAAPLRIFNAWRQARAIMKRFKPDVVLGMGGYVSGPGGLAAWSLGIPVVLHEQNGIAGLTNQWLAKIATTVMQAFPGAFPNAEVVGNPVRTDVLALPLPQVRLAGRDGPIRVLVVGGSQGARVLNQTMPQVAARLGDTVTIWHQSGKGVQHTVEQAYAGVGQPQHKVTEFIDDMAAAYAWADVVVCRSGALTVSEIAAAGLPAIFVPFQHKDRQQYWNALPLENAGAAKIFEQPQFTVEAVADTLAGWSREALLTMAERARAVSIPDATERVASEVSRVART,1
NC(=O)OP(=O)(O)O,MIGRHKHCISLAEYSREEILEVLDLAVSMKEVLQRPIKKVPSLRGKSVVNLFFEASTRTRSSFEIAAKVLSADALNWTASASSVTKGETLVDTARNLEAMRPDVLVIRHSAGGAPRLVAEHVGCSVVSAGDGAHEHPSQGLLDCFTLREKLGTLEGKTIAIVGDISHSRVARSDLHAMTKLGARVRLCGPPTMIPAGIEALGATVRTQLREAVEGADAVVMLRIQHERIGDPLIPGTREYSKLWGLNAKKAAEWLRPECVILHPGPINRGVELSPEVADGPQSVILDQVQNGVAVRMAILYLLAGGNPADAGEAKA,1
CC(=O)C(C)(O)C(=O)O,MANYFNTLNLRQQLAQLGKCRFMGRDEFADGASYLQGKKVVIVGCGAQGLNQGLNMRDSGLDISYALRKEAIAEKRASWRKATENGFKVGTYEELIPQADLVVNLTPDKQHSDVVHTVQPLMKDGAALGYSHGFNIVEVGEQIRKDITVVMVAPKCPGTEVREEYKRGFGVPTLIAVHPENDPKGEGMAIAKAWAAATGGHRAGVLESSFVAEVKSDLMGEQTILCGMLQAGSLLCFDRLVEEGTDPAYAEKLIQFGWETITEALKQGGITLMMDRLSNPAKLRAYALSEQLKEIMAPLFQKHMDDIISGEFSSGMMADWANDDKKLLTWREETGKTAFETAPQYEGKIGEQEYFDKGVLMIAMVKAGVELAFETMVDSGIIEESAYYESLHELPLIANTIARKRLYEMNVVISDTAEYGNYLFSYACVPLLKPFMAELQPGDLGKAIPEGAVDNAQLRDVNEAIRSHAIEQVGKKLRGYMTDMKRIAVAG,1
NC(=O)CCC(N)C(=O)O,MIVIVDYGLGNISNVKRAIEHLGYEVVVSNTSKIIDQAETIILPGVGHFKDAMSEIKRLNLNAILAKNTDKKMIGICLGMQLMYEHSDEGDASGLGFIPGNISRIQTEYPVPHLGWNNLVSKHPMLNQDVYFVHSYQAPMSENVIAYAQYGADIPAIVQFNNYIGIQFHPEKSGTYGLQILRQAIQGGFIND,1
NC(Cc1ccc(O)cc1)C(=O)O,MTSPSPDQVIRQEILALSAYHVPPAKDMVKLDAMENPYRLPPFLCEEISRIAADTSINRYPDPHAAALKEVLSTTLSVPAGMEIMLGNGSDEIIQIIMLAAAKPEAKLLTIEPGFAMFKMIATFANMQYIGIPLKPDFSLDIDRMLAAIERHQPSVIFLAYPNNPSGNLFDTSALEKIIEISPGLVVIDEAYHPFAGKSFIGRLADYPNLLVMRTLSKLGLAGLRLGLLAGRPEWLSHLEKLRLPYNVNVITQLVATKIMQHYDVLQQQADAIRQTRTRLRTFLENLNGIEVFPSNANFILFRLDGASQIFRLLQQHGILVKNLDNSHPLLKNCLRVTVGTPEENDRFCNTLQDLIAGN,1
NC(=O)CCC(N)C(=O)O,MKSAVVLLPGLNRDRDMIAALTKISGKPPVTVWQTDTEIPDVDLIAIPGGFSFGDYLRCGAIAARMPVMRAVAEKAAKGVTVIGVCNGFQILVEAGLLPGALMRNTSLKFVCRQIKLEITNANTMFTRRYQPGQVIRSPVAHHDGNYFADAETLARLEGEGQVVFRYAEGTNPNGSINDIAGIINEQGNVLGLMPHPENLIEAAHGGSDGRALFEGALGIAA,1
Cc1ncc(C[n+]2c(C(C)O)sc(CCOP(=O)(O)OP(=O)(O)O)c2C)c(N)n1,ISAVKEMTVRDALNSA,1
O=C(CO)C(O)C(O)C(O)C(O)COP(=O)(O)O,MKFFLDTANVAAIKAINELGVVDGVTTNPTIISREGRDFETVIKEICDIVDGPISAEVTGLTADAMVEEARSIAKWHDNVVVKIPMTTEGLKATNILSKEGIKTNVTLIFTVSQGLMAMKAGATYISPFIGRLEDIGTDAYQLISDLREIIDLYDFQAEIIAASIRTTAHVEAVAKLGAHIATIPDPLFAKMTQHPLTTNGLKTFMEDWASFKK,1
NC(=O)CCC(NC(=O)CCC(N)C(=O)O)C(=O)O,MDATTGAVLYQKLQLWEPGMESEEEEEEEEIAEPLVLSLRRLQNTPGNKVGGLPGAWTRLLAGLLLLAVSSSLALRQLQGRNSPKGNLGPVDLPASRHSHHPGVYHHSAVISPAATCSRLGQELLVAGGNVVDAGVGAALCLAVVHPHATGLGATFWGLFYNSSSGNSTALTAGPAQILAPGLGLPTALPALHLLHTHFGRLPWSHLLAKPAMLAQKGFEVDAPLASALAAQGTEGLCPLFCHTNGTPLGLGAQVTNPNLAAVLLREALASSPDLVGNALLNLLVRDLGLELPSVQPKPSLEPALQLLLPQGVLFTTPGPSAGPELMGLLESTLHSKTPSPASCSSLLQTAETPVSSALATVDSHGSMLLLTSSLNSSFGSGHLSPSTGVLLSNLEASSVPSTWACPLILRGNLDDTEDDMLGLVASGIPRGAKAMACTLFNHLTTPQTQQQVQHQAQQRPTESPGICGKEALLQVVVHAEHAQVSSIPSGCCPFQGY,1
NC(=O)CCC(N)C(=O)O,MTVVVVQFGGSNCDRDAVRALQHIGIDATRVWHEDGLNDSVENLDGIILPGGFSYGDYLRAGAMAAHSPIVNDIQAAAERGIPVLGVCNGAQVGCESGLTPGAFTTNDRARFQCETVHLRVENATTPWTEAYEAGTVIEIPIAHGEGRFEITENEYEMLKNDNQILFRYCDASGNITDDANPNGSRGNVAGITGNYDTVAVLMPHPERATLPELGRSTDGKGILQAFG,1
CCC(=C(c1ccccc1)c1ccc(OCCNC)cc1)c1ccccc1,MEISNAMLLVAIVTGYWLWFKRISRWLKGPRVWPLLGSLPGLIEQRDRMHEWITENLRACGGTYQTCIFAVPFLAKKQGLVTVTCDPKNLEHMLKTRFDNYPKGPTWQSVFHDLLGQGIFNSDGDTWLFQRKTAALEFTTRTLRQAMGRWVNRGIKLRFCPILATAQDNAEPVDLQDLILRLTFDNICGLAFGKDTRTCAPGLPENGFASAFDRATEASLQRFIIPKFMWKLKKWLGLGLEVSLSRSLGEIDEYLAAVINTRKQELMSQQESGTHQRHDDLLSRFMMKKTESYSDTFLQHVALNFILAGRDTSSVALSWFFWLITMHPTVEDKIVREICSVLIETRGTDDVASWTEEPLGFDEIDRLVYLKAAISETLRLYPSVPEDSKHVENDDVLPDGTFVPAGSSVTYSIYAAGRMKSTWGEDCLEFNPERWISPIDGKFINHDQYRFVAFNAGPRICLGKDLAYLQMKTIAAAVLLRHRLTVVPGHKVEQKMSLTLFMKNGLLVNLYKRDLQGIIKSLVVKKSDGVSNGQCNGVIGEGVAVYLNTGVAVV,1
CC(C)(CO)C(O)C(=O)NCCC(=O)NCCS,MSNEFINFEKISRESWKTLHQKAKALLTQEELKSITSLNDNISINDVIDIYLPLINLIQVYKIAQENLSFSKSLFLKKDIQLRPFIIGISGSVAVGKSTTSRLLQLLLSRTHPNSQVELVTTDGFLYPNQFLIEQGLLNRKGFPESYNMELLLDFLDSIKNGQTAFAPVYSHDIYDIIPNQKQSFNNPDFLIVEGINVFQNQQNNRLYMSDYFDFSIYIDADSSHIETWYIERFLSILKLAKRDPHNYYAQYAQLPRSEAIAFARNVWKTVNLENLEKFIEPTRNRAELILHKSADHKIDEIYLKK,1
O=CC(O)COP(=O)(O)O,MQKLIMGNWKMNGNSTSIKELCSGISQAQYDTSRVAIAVFPSSVYVKEVISQLPEKVGVGLQNITFYDDGAYTGEISARMLEDIGCDYLLIGHSERRSLFAESDEDVFKKLNKIIDTTITPVVCIGESLDDRQSGKLKQVLATQLSLILENLSVEQLAKVVIAYEPVWAIGTGVVASLDQIQETHQFIRSLLAKVDERLAKNIKIVYGGSLKAENAKDILSLPDVDGGLIGGASLKAAEFNEIINQANKICTE,1
CCCCCCCCCCCCCC(=O)OCC(CO)OC(=O)CCCCCCCCCCCCC,MEPRDPSPEARSSDSESASASSSGSERDADPEPDKAPRRLTKRRFPGLRLFGHRKAITKSGLQHLAPPPPTPGAPCGESERQIRSTVDWSESAAYGEHIWFETNVSGDFCYVGEQYCVAKMLPKSAPRRKCAACKIVVHTPCIGQLEKINFRCKPSFRESGSRNVREPTFVRHHWVHRRRQDGKCRHCGKGFQQKFTFHSKEIVAISCSWCKQAYHSKVSCFMLQQIEEPCSLGVHAAVVIPPTWILRARRPQNTLKASKKKKRASFKRRSSKKGPEEGRWRPFIIRPTPSPLMKPLLVFVNPKSGGNQGAKIIQSFLWYLNPRQVFDLSQGGPREALEMYRKVHNLRILACGGDGTVGWILSTLDQLRLKPPPPVAILPLGTGNDLARTLNWGGGYTDEPVSKILSHVEEGNVVQLDRWDLRAEPNPEAGPEERDDGATDRLPLDVFNNYFSLGFDAHVTLEFHESREANPEKFNSRFRNKMFYAGTAFSDFLMGSSKDLAKHIRVVCDGMDLTPKIQDLKPQCIVFLNIPRYCAGTMPWGHPGEHHDFEPQRHDDGYLEVIGFTMTSLAALQVGGHGERLTQCREVLLTTAKAIPVQVDGEPCKLAASRIRIALRNQATMVQKAKRRSTAPLHSDQQPVPEQLRIQVSRVSMHDYEALHYDKEQLKEASVPLGTVVVPGDSDLELCRAHIERLQQEPDGAGAKSPMCHPLSSKWCFLDATTASRFYRIDRAQEHLNYVTEIAQDEIYILDPELLGASARPDLPTPTSPLPASPCSPTPGSLQGDAALPQGEELIEAAKRNDFCKLQELHRAGGDLMHRDHQSRTLLHHAVSTGSKEVVRYLLDHAPPEILDAVEENGETCLHQAAALGQRTICHYIVEAGASLMKTDQQGDTPRQRAEKAQDTELAAYLENRQHYQMIQREDQETAV,1
N=CNC(CCC(=O)O)C(=O)O,MYPAPDMSLWQGRIDSQEGADARRWHQWMRPYADDAEAASVLLGFASDEGVRRNQGRQGARHGPPALRRALANLAWHGEQAIYDAGDIVAGDDLEAAQERYAQRVADLLARGHRVVGLGGGHEIAYASFAGLARHLSRHERLPRIGILNFDAHFDLRHAERASSGTPFRQIAELCQASDWPFAYCCLGISRLSNTAALFDQAQRLGVRYLLDRQLQPWNLERSEAFLDSFLQSVDHLYLTVCLDVLPAAQAPGVSAPSAHGVEMPVVEHLVRRAKASGKLRLADIAELNPQLDSDQRTARIAARLVDSLVN,1
NC(Cc1c[nH]c2ccccc12)C(=O)O,MKYTYPNEKGYFGVFGGKYLPETLMPALEELEQQYLKIKNDGDFKRQLLYYLTEYAGRPTPLYFASRLTDVVGGAKIYLKREDLLHTGAHKINNTLGQVLLTKKIGKKRIIAETGAGQHGVSTATAASLFGLECTIYMGEEDAERQALNVFRMKLLGAEVKIVKAGSRTLKDAVNEALRDWVTNVKTTHYIIGSALGPHPFPMIVRDFQSVIGEEVKQQILEIEGKLPDVIVACVGGGSNAIGIFYPFIEDTQVRLVGVEAGGYGIETGMHAASINGGTIGVLHGMKSYFIQDEWGQIESTHSISAGLDYPGVGPEHAFLKEIKRAEYITATDEEALEGFLLLSRTEGIIPALESSHAIIKAVEIAKSLDKSKSVVINLSGRGDKDVQSVKNLLDTDKELYERLLSRLKEKYGV,1
O=C(O)c1cccnc1C(=O)O,MQSAIKSVEYDRPLAAGAACGVGEAWAKVPDALAPDERDALKARIKALLVREKAVLVAHYYVDADLQALADETGGCVADSLEMARFGRDHDAHTLVVAGVRFMGETAKILSPGKRVLMPDLDATCSLDLGCLVDEFSQFCDAHPERTVVVYANTSAAVKARADWMVTSSIGLEIVADLHARGEKIIWAPDRHLGGYIQKKTGADMLMWQGSCLVHDEFKGIELDLLRREYPDAKILVHPESPEGVVALADVVGSTTQLIDAAVKLDAQRFIVATDLGILHKMRLAAPGKTFIEAPTAGNSATCKSCAHCPWMAMNALSNLADVLERGHNEIFVEAAIAQRARMPIDRMLDFAARHKQRVQASGDLQRDQALFANVGAA,1
O=C(O)C=Cc1ccc(O)c(O)c1,MGSVEAGEKKALGWAARDPSGVLSPYSYTLRSTGADDVYIKVICCGICHTDIHQIKNDLGMSNYPMVPGHEVVGEVLEVGSDVSKFTVGDVVGVGVVVGCCGSCKPCSSELEQYCNKRIWSYNDVYTDGKPTQGGFADTMIVNQKFVVKIPEGMAVEQAAPLLCAGVTVYSPLSHFGLMASGLKGGILGLGGVGHMGVKIAKAMGHHVTVISSSDKKKEEAIEHLGADDYVVSSDPAEMQRLADSLDYIIDTVPVFHPLDPYLACLKLDGKLILMGVINTPLQFVTPLVILGRKVISGSFIGSIKETEEVLAFCKEKGLTSTIETVKIDELNIAFERLRKNDVRYRFVVDVAGSNLVEEAATTTN,1
CC(C)(CO)C(O)C(=O)NCCC(=O)O,MQIIRTIEELRQILAPARRAGKRIGFVPTMGYLHKGHLELVHRSRAENDVTVVSIFVNPLQFGANEDLDKYPRDLERDAALLHRADVDYLFAPAVSDMYPQPMQTVVDVPTLGNQMEGEARPGHFAGVATVVNKLFNIVGADAAYFGEKDFQQLVIIRRMVEDMAIPVRVVGVETVREEDGLACSSRNVYLSPEQRAAAIIVPKALDEAERLYRSGVDDPDALEAAIRTFIATEPLATPEVVALRDPETLERLTAVQGRPVLVALFVRLGTTRLLDNRVIAHVAQEQAA,1
Nc1ncnc2c1ncn2C1OC(COP(=O)(O)OC(=O)CCCCC2CCSS2)C(O)C1O,MSTLRLLISDSYDPWFNLAVEECIFRQMPATQRVLFLWRNADTVVIGRAQNPWKECNTRRMEEDNVRLARRSSGGGAVFHDLGNTCFTFMAGKPEYDKTISTSIVLNALNALGVSAEASGRNDLVVKTVEGDRKVSGSAYRETKDRGFHHGTLLLNADLSRLANYLNPDKKKLAAKGITSVRSRVTNLTELLPGITHEQVCEAITKAFFAHYGERVEAEIISPDKTPDLPNFAETFARQSSWEWNFGQAPAFSHLLDERFSWGGVELHFDVEKGHITRAQVFTDSLNPAPLEALAGRLQGCLYRADMLQQECEALLVDFPDQEKELRELSTWIAGAVR,1
CC1(CC(=O)O)C2=Cc3[nH]c(c(CCC(=O)O)c3CC(=O)O)Cc3[nH]c(c(CC(=O)O)c3CCC(=O)O)C=C3NC(=CC(=N2)C1CCC(=O)O)C(C)(CC(=O)O)C3CCC(=O)O,MLGVLLVLHGSKIPEWKDVGIKYAEYLSRYFNLVEFGFLEFNKPTLSEALSNLLAKGANKIVVVPLLFATGTHFKRDIPRLLGIDGDEKKIQYMGKEIEIIIADPLGFDEKIGEVLVKRVNETYNKNY,1
O=CC(O)C1OC(=O)C(O)C1O,MNRLLSSGMSAATLQTRMASQLLINDSKYGFLKELGLTENNAGVFHGKWAASGQVVQSFAPANNSPIANVQNGNVQDYEIAISEAKKAYNDWCEVPAPRRGEIVRQIGDKLRTQLQNLGKLVSLEMGKISAEGVGEVQEYVDICDYATGLSRSLEGKIFPSERPGHALLEQWNPLGVVGVISAFNFPCAVYGWNNALALVTGNSVVWKPAPSTPLTAIAVTKLVEEVLVANNVNPALCSLVCGEGDVGQALVKDKRVNLVSFTGSSEIGKIVGQQVQARFGKLLLELGGNNAIIVNEDADLNMVVPATVFAAVGTAGQRCTTTRRLIVHDKVYDQVLERLKKAYAQFESRIGCPLDSNTIIGPLHNQQAVGKYKASVAEAVASGGKIEYGGKVLERDGNFVLPTIVTGLKHDSPVVLRETFAPILYVLKFSTLEEAIAINNEVDQGLSSSLFTTNIQNVFKWMGPKGSDCGIVNVNIPTSGAEIGGAFGGEKETGGGRESGSDSWRQYMRRSTCTINYSKELPLAQGIKFE,1
CC(C=CC1=C(C)CCCC1(C)C)=CC=CC(C)=CC(=O)O,MGTSLSPNDPWPLNPLSIQQTTLLLLLSVLATVHVGQRLLRQRRRQLRSAPPGPFAWPLIGNAAAVGQAAHLSFARLARRYGDVFQIRLGSCPIVVLNGERAIHQALVQQGSAFADRPAFASFRVVSGGRSMAFGHYSEHWKVQRRAAHSMMRNFFTRQPRSRQVLEGHVLSEARELVALLVRGSADGAFLDPRPLTVVAVANVMSAVCFGCRYSHDDPEFRELLSHNEEFGRTVGAGSLVDVMPWLQYFPNPVRTVFREFEQLNRNFSNFILDKFLRHCESLRPGAAPRDMMDAFILSAEKKAAGDSHGGGARLDLENVPATITDIFGASQDTLSTALQWLLLLFTRYPDVQTRVQAELDQVVGRDRLPCMGDQPNLPYVLAFLYEAMRFSSFVPVTIPHATTANTSVLGYHIPKDTVVFVNQWSVNHDPLKWPNPENFDPARFLDKDGLINKDLTSRVMIFSVGKRRCIGEELSKMQLFLFISILAHQCDFRANPNEPAKMNFSYGLTIKPKSFKVNVTLRESMELLDSAVQNLQAKETCQ,1
O=C(CO)COP(=O)(O)O,MKVTILGAGAWGTAIASQAARQQSAGDVSLWSRDPSQLLEIEKTGENQAYLPGIKLPKSIKLENDFSNAIQRLSSNDLLVIATPMSGLSQTIAQVLKLAKQPLNIIWLCKGLEPNTSLLPHQVVERENSLHNHGIKHAYGALSGPSFAHEVGAGMPCALTVASTSTSLCEIVQAAFHHGNMRIYSSDDLIGVELGGAVKNVLAIAAGIGDGLNLGLNARAAVLTRGLAEMMRLVKAVGGKSETCMGLTGVGDLILTATGDLSRNRRVGLELAAGKSLPEILANLGHVAEGVLCAAAVGDLAKRLDVEMPITAMMGDVLSGQLTPQDAVKKLMGRDPKIET,1
O=CC=Cc1ccccc1,MGSVDASEKTITGWAARDATGHLSPYTYNLRRTGAEDVVLKVLYCGICHTDLHQTKNHLGASKYPMVPGHEVVGEVVEVGPEVSKYSVGDVVGVGVIVGCCRDCRPCKANVEQYCNKKIWSYNDVYTDGKPTQGGFAGSMVVDQKFVVKIPAGLAPEQAAPLLCAGVTVYSPLKHFGLMTPGLRGGILGLGGVGHMGVKVAKSMGHHVTVISSSDKKRAEAMDDLGADDYLVSSDEAQMAAAMDSLDYIIDTVPVKHPLEPYLALLKMDGKLVLMGVIGEPLSFVSPMVMLGRKTITGSFIGSIEETEEVLRFCVDKGLTSQIEVVKMDYLNQALERLERNDVRYRFVVDVAGSNIDDTAA,1
N=c1c2ncn(C3OC(COP(=O)(O)OP(=O)(O)OP(=O)(O)O)C(O)C3O)c2ncn1C1OC(COP(=O)(O)O)C(O)C1O,MGDSVLSAIQQTITQRKSANPSESYVAQLLHKGEDKILKKVIEEAGEVLMASKDKNPSHLVYEVADLWFHTMILLTHHDLKAEDVLDELARRQGLSGLAEKAARTES,1
CCNCC(=O)O,MLAARLIILLSFYWLSASAIDPADPLFVDLPHGKIRGRDNGFYYSYESLPYAEPPVGELRFEAPQPYKQQWTDTFDATQPPVTCMQWNQFIFGDNKLVGVEDCLTVSIYKPKNTSQSSFPVVAHMHGGAFMFGEARQNGHENMMREGKLILVKISYRLGPLGFASTGDADLSGNFGLKDQRLALLWIKQNIASFGGEPENIIVVGHSAGGASVHLQMLREDFAQVAKAGISFGGNAMDPWVIHQSARGRTFELGRIVGCGQASDSMELKNCLKSKPAGEIVSAVHSFLVFAYVPFAPFGPVVESPDAPEAFISQHPVDIIKSGKFAQVPWAVTYNTEDGGYNAAVLLEKQASSGRELIFDLNDHWFDWAPYLLFYRDSMTTIKDMDDYSRKLRQEYLGDRRFSVESYWDLQRLFTDILYKNATELALDLYRKHGKSPVYAFVYDNPANTGIGQFFAKRTDVHFGTVHGDEYFLIFENLARGPEMRSDEEIISRNFLNMINDFVVSGNGTMTFGNCVLQDNVGSNKFQLLSITKNGCENLQLESFP,1
O=C(O)CCC(=O)C(=O)O,MKKIFNFSAGPSMLPKQVLNQIQQELYDWNNLGISIMEISHRSLEFMELVHDTKRNLRNLLNIPNSYEILFCHGGARAQFSAIPMNFLRGSADNIDYINTGYWGYLAAIESKKYCHPNIINISSSKNELRYIKPMSEWNISKNSTYIHYCPNETVEGISIDDIPDCFEKKIVIADFSSTLLSRPVNVNNFGMIYAAAQKNMGISGLTVLIIRRSLINNISTVQKIPAILNYRILADSNSMFNTPVTVSWYIANLVFKWLQDQGGLDKIAEYNKKKSNLLYHAIDSNDFYYNNIHSLNRSRMNIPFFLKKEKLNSLFLSESTSFGLHGLKGHKVIGGMRASLYNAMTLEGVQKLVNFMNFFSKKYG,1
Cc1ncc(COP(=O)(O)O)c(C=O)c1O,MDSVTPTLPRNILSIQSWVSYGHVGNAAAIFPLQRLGFEVWGVHTVQFSNHTGYGAWTGPVFEPGVIAELLDGIEARGVLPQCDGVLSGYVGSGGTVAAVVGAVGRVRQAHPQALYCCDPVMGDVGRGVFVHPDLPALIAAQAIPAADIVTPNQFELELLTGQKVETLADALAAAHALRERLNPAGPRIVLLTSLVRADAPASSIETLAVTGEGSWLCRTPLLPLDPPRNGTGDAIAALFYGQFLRTGSAEQALTLSMSALYALLDLTHRLGTREIQLVAAQGEFERPRHLFAAERVE,1
O=C(CO)C(O)C(O)C(O)CO,MDTNTTSYTPLPGDPFLSGPPETPRRPLKGFAVIFASVIFLMSLVALIIHQGPQQPPDVMPDKQDEHHHPQSTTNTMLSWQRTAFHFQPEKNWMNDPNGPMYYKGWYHFFYQYNPRGAVWGNIVWGHAVSRDLIHWLHLPLAMVADQWYDINGVWTGSATILPNDQIVMLYTGSTNESVQVQCLAYPADHKDPLLTKWVKYSGNPVLVPPPGIGVKDFRDPTTAWYITEGKWRITIGSKVNKTGISLVYDTKDFIKYEQLDGVLHAVPGTGMWECIDFYPVSKTSDKGLDTSQNGADVKHVMKASLDDDRNDYYALGSYNEKTGKWVPDNQKIDVGIGIRYDYGKFYASKTFYDQNKQRRVLWGWIGESDSENADVKKGWASLQGIPRTVLFDQKTGSNLLQWPVEEIEKLRLNKKNFDKVQVKAGSVVPLDVGTATQLDIVAEFQLDQKVVESAAETNEEFSCQTSGGAAKRGALGPFGLLVLADDSLSERTPVYFYVVKGSGGTVNTYFCADQTRSSVATDVVKQVSGSYVPVLKGETLSLRILVDHSIIESFAQGGRTTITTRVYPTQAIYGAARLFLFNNATDTSFTASLQIWQMNSAFIRPFSPDAASHSSFTPVTVFIKFIVPFGIFLTLYFVR,1
Nc1nc(=O)c2ncn(C3OC(COP(=O)(O)O)C(O)C3O)c2[nH]1,MSDAFETAAPPHATYDTVLVLDMGSQTSHLILRRLRSLGVYSEMLPCTQKIKDLGWKPVGVILSGGPSSVYADDAPGVDPLVFELGVPVLGVCYGNQLIAWRANPKSVAPGVNREYGETQMAIHKIGTHGDRLFEGLGDSLNVVMSHFDKVVQLPDGFQTIATTKNSEFAGIAHETQPIFGIQFHPEISHTEKGTDIIANFATKICGARPDWKMDDFSAREIKRIRELVGDKAQVIGAVSGGVDSTVAAKLMKEAIGDRFHAILVDQGLMRLNECEQVKETLDKHLGINLTVVDGSELFLGRLAGVTEPEAKRKIIGGTFIDLFEIEALRIEKEAENTDRAGKVEWFLQGTLYADIVESLSFKGAASSTIKSHHNAGGLPARMQNGEAQLKLLEPLRELFKDEVRAFGRQLGIHEELIGRHPFPGPGLGIRIIGEVTPERVEIVRKADHIFISMIREAGIYDEVTQAYAALDSSRAVGVQGDARVYGYICILRAVTSLDMMSAEPYEFTWSLMKAISRRIVNEVDGIARVVYDTTSKPPGTIELE,1
CC(C)=CCCC(C)=CCCC(C)=CCCC(C)=CCCC(C)=CCCC(C)=CCc1cc(C(=O)O)cc(O)c1O,MIYHLISKSCQRLNKPNLINNLIKSQKQSIIYSSSSSSGSSKFISNKYFTTTSNSNNNSNNTTTTTTTTLRQDEIDFFNQQSSDWWNPEGTMKPLHRMNPFRVKYICDRLKIYNEKVSKNPIHLPLEGLNVIDVGCGVGLLTESLSRLGASKVVGLDAAKNNILMAISHASFDQKLNENIQNKSLNYLESTIENFYNIENDQQFDAVCSLEVIEHVDNPKQFIDYLSKIVKPGGSIFISTINKTFLSYISAILGAEYIFRMVPVGTHHWDQFIKPKDLESYFDSNNCQITDLKGLVYNPLTCEWDFTNDLNVNYLLHAIKK,1
NC(=O)c1ncn(C2OC(COP(=O)(O)O)C(O)C2O)c1N=CNC1OC(COP(=O)(O)O)C(O)C1O,MSTLFESFEVIPAVDMQDGDVVQLVQGERGTETRYGDPVVAAKQWVEAGAKTLHLVDLDGAFEGDRMNATAVDAIIDAVDIPVQLGGGIRTANDAASLLDRGVNRVILGTAAVENPDLVAELAESYPGRIIVSLDAADGEVVVSGWTESTGIDPAVAAARFADYGACGILFTDVDVEGKLAGIQSSVTARVIDAVDIPVIASGGVASLDDIQTLHTTGAAATVVGTALYENKFTLADAMEVCESD,1
NC(C=O)CCC(=O)O,MNIAVIGLSHKTAPVDVREKLSVPEDVRERALQHLCGYAHIQEATILSTCNRLEIYIVTSDTEVGVREVHQFLSEWSHIPLPQLRPYLFILLHQDAVMHLMRVASGLDSLVIGEGQILSQVKRCHQLGQQYKSIGPILNRVFTGAIAAGKRVRTETSIGTGAVSISSAAVELADLRLQNLQNCRIAVVGAGKMSRLVVQHLIARGVKEIRIINRSLERAQELAQQFPEVRFELFTMTDLLPIVAAMDLVFTSTAATEPLLDRDNLGAVLVGDRSLAIIDISVPRNVHANVTELGTVQLFNVDDLQAVVAQNQEARRQLAQEAEGILEEELETFLAWWHALETVPIIRSLRQKMEAIRTQELEKALSRLGSEFADKHQGVIEAMTRTIINKILHDPTVQLQSQRDLESRQRAMQTLQDLFNLEPIEA,1
NC(CCCC(NC(=O)CCC(=O)O)C(=O)O)C(=O)O,MTVLSEQDKIRLLADIVKIQTENDHEIEVCEYLKDLLSQYDIDSKIVKVNDSRANLVAEIGSGAPVLAISGHMDVVDAGDHDDWTFPPFELTDKDGKLFGRGTTDMKGGLMAMVIAMIELKQSNALKQGTIRLLATTGEETEQYGAQLLADEGYLDDVSGLIIGEPTSNIAYYAHKGSMSCVVTAKGKAAHSSMPHLGTNAVDILVDFVNEMKQEYKNIKEHDKVHELDAVPMIEKHLHRKIGEEESHIYSGFVMLNSVFNGGKQVNSVPHKATAKYNVRTVPEYDSTFVKDLFEKVIRHVGEDYLTVDIPSSHDPVASDRDNPLIQNITRIAPNYVHEDIVVSALIGTTDASSFLGTNENNVDFAVFGPGESIMAHRVDEFIRKDMYLSYIDVYKDVFKAYLEK,1
CCC(C)C(=O)C(=O)O,MPKLRSATSTEGRNMAGARALWRATGVKENDFGKPIIAIANSFTQFVPGHVHLKDMGSLVAGAIEEAGGIAKEFNTIAVDDGIAMGHGGMLYSLPSRELISDSVEYMVNAHCADALVCISNCDKITPGMMMAALRLNIPVIFVSGGPMEAGKTKLSDKIIKLDLVDAMVAGADDRVSDEDSEQIERSACPTCGSCSGMFTANSMNCLTEALGLSLPGNGSMLATHADRRELFLEAGRRIMDLTTRYYKHDDESALPRNIANFNAFENAMTLDIAMGGSSNTVLHLLAAAQEGEVDFTMEDIDRLSRLVPHLCKVAPSTPEYHMEDVHRAGGVMGILGELDRAGLIHNDAYHVAGASLKEVLAKWDIAQSSDEAVHRFFSAGPAGIPTTKAFSQACRWDSVDNDRVGGCIRKREFAFSQEGGLAVLSGNIAVDGCIVKTAGVDEDNHTFIGSARVYESQDDAVAGILGGEVVAGDVVVIRYEGPKGGPGMQEMLYPTSYLKSRGLGKACALITDGRFSGGTSGLSIGHVSPEAAAGGTIGLVETGDRIEIDIPARSIKLAISDIELAARRSAMEARGKQAWKPVGRVREVSLALKAYALLATSADKGAVRDTSKLED,1
CCCCCCCCCCCC(=O)SCCNC(=O)CCNC(=O)C(O)C(C)(C)COP(=O)(O)OP(=O)(O)OCC1OC(n2cnc3c(N)ncnc32)C(O)C1OP(=O)(O)O,MVSWKGIYFILFLFAGSFFGSIFMLGPILPLMFINLSWYRWISSRLVATWLTLPVALLETMFGVRVVITGDAFVPGERSVIIMNHRTRVDWMFLWNCLMRYSYLRVEKICLKSSLKSVPGFGWAMQVAAFIFIHRKWKDDKSHFEDMIDYFCAIHEPLQLLIFPEGTDLTENNKARSNDFAEKNGLQKYEYVLHPRTTGFTFVVDRLREGKNLDAVHDITVAYPYNIPQTEKHLLLGDFPKEIHFHVQRYPADSLPTSKEDLQLWCHRRWEEKEERLRSFYQGEKNFHFTGQSTVPPCKSELRVLVVKLLSIVYWALFCSAMCLLIYLYSPVRWYFIISIVFFVLQERIFGGLEIIELACYRFLHKHPHLNSKKNE,1
CC(C)(COP(=O)(O)OP(=O)(O)OCC1OC(n2cnc3c(N)ncnc32)C(O)C1OP(=O)(O)O)C(O)C(=O)NCCC(=O)NCCSC(=O)CCCO,MNKSYENSGRFGRFGGQYVPETVMTALMELEESFNKAKEDSKFIDEYMYYLQEYSGRPTPLYYAENLTKNLGGAKIYLKREDLNHTGAHKINNVLGQILLAKRMGKKKVIAETGAGQHGVAVATGAAMFQMECVIYMGEEDCRRQSLNVLRMKILGAKVVSVESGTKTLKDAVNEALRKWVENIEDTFYVMGSVVGPHPYPTMVRDFQRIIGDETKEQILKKEGKLPNYIIACVGGGSNSMGIFYPFVEDKSVKLIGVEAAGLGVDTDKHAASMAKGSVGVLHGMMTYLIQDDEGQILPVYSVSAGLDYPGVGPEHAYLKDTKRAEYTYVTDQEALDAFGYLSRCEGIIPALESSHALAYTMKLAPELSKEEIVVVNISGRGDKDVDTISELNIFG,1
O=C(O)C(O)COP(=O)(O)O,MTLITEVRLRKILDSRGNPTVEAEVRTENGGFGRGAAPSGASTGEYEAVERPAEEAIAQARELAVPRIEGQVYAGDQRGVDNALHGADGTDDFSEIGANSAVAISMAAAKAAADVLGAPLYQHLGGAFRGRDFPVPLGNVIGGGEHAADATHIQEFLAAPVGAPSVADAVFANAKVHGEVQRQLDERGVPAAKGDEGAWAPSIDDSEAFEIMEEAIAAVEDEVGFEIRFGLDVAGAELYEDGVYHYGDETRSPDEQVAYIADLVEEYNLVYVEDPLDEDDFSGFAELTERVGDRTLICGDDLFVTNTERLQRGIDDGAANSILIKPNQIGTLSDAFDAIELATRNGYDPVVSHRSGETEDTTIAHLAVATDAPFIKTGAVGGERTAKLNELIRIEANA,1
O=c1[nH]cnc2c1ncn2C1OC(CO)C(O)C1O,MRILITNDDGINAPGLAVLERIASALSDDVFVVAPESDQSGVAHSLSLSDPLRLRKISDRRFAVKGTPTDCVIMGVRSILIEQKPDLVLSGVNCGQNLAEDVIYSGTVAGAMEGTILGIPSIALSQCYEAGTGGRSGIAWDCAEVHAPGIIKHLLETGIDPDVVINLNFPACPASEVTGLAVTAQGRRDATTIKIDPRQDGRGLPYYWIAFARDTRQPGVGTDLEAVAQKRIALTPLRIDLTDDPTMTRLAQSLPKTLPKVAG,1
CC(O)C(O)C(O)C=O,MKVGIIGAMEEEVNLLRNELTERVDTEIANYHFYEGYLGNMQVVILKSGIGKVNAAIGTTLLIDKFKPDVVINTGSAGGFKKGMKVGDVVVSTEVRHHDVDVTAFGYEYGQVPGMPPAYEADAKLVSVCKDVIENLPDVNVHQGLIVTGDSFINDSKRVADILGHFDGVAAVEMEAAPIAQTCYQFGVPFVVTRSISDSADEEANLSFDEFLETASINSAKMVMAVTKRLEQA,1
CC12CCC3C(CC=C4CC(=O)CCC43C)C1CCC2=O,MDSKHQCVKLNDGHFMPVLGFGTYAPAEVPKNKALEATKLAIEAGFRHIDSAHLYNNEEYVGLAIRSKIADGTVKREDIFYTSKLWCNSHRPEFVRPALERSLKNLQLDYVDLYLIHFPVSLKPGEELIPKDENGKLLFDTVDLCATWEAMEKCKDAGLAKSIGVSNFNRRQLEMILNKPGLKYKPVCNQVECHPYLNQRKLLDFCKSKDIVLVAFSALGSHREKPWVDQNSPVLLEDPVLCALAKKHKRTPALIALRYQLQRGVVVLAKSYNEQRIRENMKVFEFQLTSEDMKAIDGLDRNIRYLTLDIFAGPPNYPFSDEY,1
CC(C)(COP(=O)(O)OP(=O)(O)OCC1OC(n2cnc3c(N)ncnc32)C(O)C1OP(=O)(O)O)C(O)C(=O)NCCC(=O)NCCSC(=O)CC(=O)O,MPNKKILVTCALPYANGPLHIGHMLEHIQADIWVRYQRMKNNEVYFICADDAHGTAIMLKSKQLNINPEIMIAKIQQEHYQDCCDFNISYNNYHSTHSEENYELLNSIYTKLKKSGFIKSRFISQLYDAQNNIFLPDRFIIGTCPKCRAHNQNGDNCDQCGAIYTPLDLINPKSAISGKSPIIKKSKHLFFDLPQFTKSLYTWIHSGVLQEETLHKVKEWFKLGLKEWDISRNEPYFGFKIPNTSSKYFYVWMDAPIGYMGTFKNLCKKNKNILFEDFWSINSKVELYHFIGKDITYFHSLFWPAILESCQYRKPTGIFVHGHVTLNGSKISKSKNNFINVRTYLSHLNSDYLRYYYATKLSSKINDIDLNFNDFMLKVNADIINKILNLASRNSNFITQYNYGYLSNSLENSNLYDFFIDAQYLIGKLFQQREFSEAMRKIMQLADKANQYIDKQAPWHIVKQHGIHNKNIALCIFSMGIQLFRVLVIYLKPVLPILSQYSEKFLNTRLSWNNINIPLTNHKINKFDIIFHRINTNQISSIINK,0
Nc1ncnc2c1nc(Br)n2C1OC(COP(=O)(O)OP(=O)(O)O)C(O)C1O,MAKHLFTSESVSEGHPDKIADQISDAVLDAILEQDPKARVACETYVKTGMVLVGGEITTNAWVDIEELTRKTVADIGYVSSDMGFDANSCAVLSAIGKQSPDINQGVDRCDPLEQGAGDQGIMFGYATNETDVLMPAPITYAHRLMERQARVRKNGTLPWLRPDAKSQVTFQYDDGKIAGIDAVVLSTQHADTISQKDLQEAVMEEIIKPVLPAEWLSASTKYFINPTGRFVIGGPMGDCGLTGRKIIVDTYGGAARHGGGAFSGKDPSKVDRSAAYAARYVAKNIVAAGLADRCEIQVSYAIGVAEPTSIMIETFGTEKIDQEHLIQLVREFFDLRPYGLIQMLDLIQPIYRQTAAYGHFGREQFPWEKTDKAALLREAAGLK,0
O=C(O)CCC(=O)C(Cl)C(=O)O,MSQVHIHPVPADYKKQTLMDRETYDRWYSQSINDPGTFWAERAEQLLDWKTPWDTVSEWDFNEGRAAWFKGATLNACYNCVDRHLPERANQTAIIWEGDEPDQDKHISYQQLFEEVSKFGNVLKNRGVKKGDRVVIYMPMIPEAAYAMLACARIGAIHSVVFGGFSPEALKDRILNAEACALITADEGVRGGKTIPLKVNADKALDGIDCVHTCLTVKRTGGDVDWQAPRDVWYHEAMADASSDCEPEWVEAEDPLFTLYTSGSTGKPKGVVHTTAGYLLNTALTHKYVFDYQDGDIYWCTADVGWITGHSYIVYGPLANGATTLMFEGVPTYPDASRCWQVVDKHKVNIFYTAPTAIRALMGLGDAPVEQTSRASLKLLGTVGEPINPEAWEWYYRVVGDSRCPIVDTWWQTETGAIMIAPLPGAVDLKAGSATLPMFGVQPGLMDPDGNELDGAASGNLVLKASWPSQIRTVYGDHQRLIDTYFSAYKGCYFTGDGARRDEDGYYWITGRVDDVLNVSGHRLGTAEIESALVLHPSISEAAVVGYQHDVKGQGIYAYVSLMAGKEGSEELVKALRDLVTQEIGPIAKPDLIHFAPGLPKTRSGKIMRRILRKIAADELDSLGDTSTLADPSVVDQLIDNRQNK,0
O=C1CC(O)(CO)CC(O)=C1O,MQFQGAFTALVTPFRNGEVDEERYRALVEWQIEQGINGLVPCGTTGESATLTHQEHKDVIRICVEQVKGRVPVLAGAGSNNTREAVELTRYAKQAGADGALLITPYYNKPTQEGLYQHFKAIAAEVPMPFIVYNVPSRTGTNLCPETLARMKRDIPEVIGVKEATGNLIQVSEIIEYCGADFQVLSGDDFTVLPLLAVGGCGVISVSSNVVPAKMSELCRAFFEGDLATARRVHYEIASINRAMFLETNPIPVKTALSMMGRIELELRLPMVPLQPANQSRLRDILSAAGIV,0
CC(C)(COP(=O)(O)OP(=O)(O)OCC1OC(n2cnc3c(N)ncnc32)C(O)C1OP(=O)(O)O)C(O)C(=O)NCCC(=O)NCCSC(=O)CC(=O)CC=CCC=O,MSFTVYPALDIRNGRVVRLLQGDYARETHYGNDVLPRAQAFADAGAQWMHLVDLDAAKAGGYTLATTLGEIARATGLQVQTGGGVRSRDDVASILDAGAARVVIGSLAVRDSEMVIAWLQEFGADRLTIALDTRQDTDGIWQLPVHGWTETADATLDQLAVRYAQAGLKHLLCTDIARDGMLSGPNAALYAHLRSLTPQLQVQVSGGARNLADVAAAKAAGCAGIVLGKALLEGHLDLDEALAC,0
CC(Nc1ccc(CC(O)C(O)C(O)COC2OC(COP(=O)(O)OC(CCC(=O)O)C(=O)NC(CCC(=O)O)C(=O)O)C(O)C2O)cc1)C1Nc2c(nc(N)[nH]c2=O)NC1C,MTRLNILMAASECVPFAKEGGLADVVGVLPKYLAHMGHDVRVVMPLYSRIDPERFGLERLPGVLVVPMGIMGNQYCGVWEGRLPGSAVPVYFLEHEGYYGREGLYEEDNVGYMDNDNRFIFLSRAAMELPKLIGFAPDVFHAHDWHTAAVPVFLNTLYRDDPLVGGAASVLTVHNMQHQGNFYPGAMEVLGIGWEHFTFLGLEKDNQTNLLKGGLYHATVLNTVSEGYAREMQTPEYGWGLDGVVRARSADLVGILNGVDYEEWNPETDPHIVANYSRSDLSGKKLCKRDVQRFFGLPERDDVPLFGLVGRLVKQKGIDILAEAIHRILALDVQVVMLGAGEPWSHFYFGDVRNEYPEKFGLYIGYNNGLSHRIEAGSDFFVMPSAFEPCGLNQMYSLRYGTLPIVRATGGLDDSVENFDEQNLTGNGFKFWSHDADALFDTVGWTVHTWYRRKDAMAALIGNAMAKRFTWEDSAARYEELYCRALRKRLGVGVFVRRFGG,0
CCC=CCCO,MLAKRIIPCLDVRDGQVVKGVQFRNHEIIGDIVPLAKRYAEEGADELVFYDITASSDGRVVDKSWVSRVAEVIDIPFCVAGGIKSLEDAAKILSFGADKISINSPALADPTLITRLADRFGVQCIVVGIDTWYDAETGKYHVNQYTGDESRTRVTQWETLDWVQEVQKRGAGEIVLNMMNQDGVRNGYDLKQLKKVREVCHVPLIASGGAGTMEHFLEAFRDADVDGALAASVFHKQIINIGELKAYLATQGVEIRIC,0
O=C(COP(=O)(O)O)C(O)C(O)C(O)C(O)COP(=O)(O)O,MASSMLSATTVPLQQGGGLSEFSGLRSSASLPMRRNATSDDFMSAVSFRTHAVGTSGGPRRAPTEAKLKVAINGFGRIGRNFLRCWHGRGDASPLDVIAINDTGGVKQASHLLKYDSTLGIFDADVKPVGDNAISVDGKVIKVVSDRNPSNLPWGELGIDLVIEGTGVFVDREGAGKHIQAGAKKVLITAPGKGDIPTYVVGVNADQYNPDEPIISNASCTTNCLAPFVKVLDQKFGIIKGTMTTTHSYTGDQRLLDASHRDLRRARAAALNIVPTSTGAAKAVSLVLPNLKGKLNGIALRVPTPNVSVVDLVVQVSKKTLAEEVNQAFRDAAANELTGILEVCDVPLVSVDFRCSDVSSTIDASLTMVMGDDMVKVISWYDNEWGYSQRVVDLADICANQWK,0
Cc1ncc(COP(=O)(O)O)c(CO)c1O,MINIKKGLDLPIEGAPQQVIHDGSTVKRVAVLGEEFIGMRPTMHVRVDDQVKKGQVLFEDKKNPGVLFTAPASGTVKEINRGAKRVLQSVVIEVNGSEQITFGTFSDAELSSLDREKAKEVLIQSGQWTALRARPFSKVAAVDANPSSIFVTAIDTNPLAADPAVIIAENVQAFEAGLAVVSRLTDGKVFVCKQAGSQVPSSSIAQVEVHEFGGVHPAGLVGTHIHHLDAVSISKQVWHIGYQDVIAFGHLFLTGEIYTDRVISLAGPRVKNPRLVKTQLGASLDDLVAGELEDGDNRVISGSVLSGSISNGVHAFLGRYHVQVSVLLEGREKELFGWIAPGSDKFSVTRTFISHLAPSRLFKMTTSTGGSKRAMVPIGSYERVMPLDILPTLLLRDLLSRDVDSAMSLGALELDEEDLALCTFVCPGKYEYGAALRDCLTTIEKEG,0
CC(C)(COP(=O)(O)OP(=O)(O)OCC1OC(n2cnc3c(N)ncnc32)C(O)C1OP(=O)(O)O)C(O)C(=O)NCCC(=O)NCCSC(=O)CC=O,MDSAERPLRIPPEMVIYAEKHDIFHLIQTLVRNLMVDKPDDPIQYLINFLERDNVDVPRIILLGPPASGKKTVAKKLCEHTQAIHITFCDILKDDSDLTRAAQSYYDKKQNVPKDLWIQLIQQRLSKPDCVQRGWVLEAIPKTQDEALCLQEAGITPDHVVMLEAPDVVLIERSSGKRIDPVTGDVYHVTFMWPESEEVAQRLETPRTLMPVQVMSQKLQKYHTEAHALKRTYHNCLKIINADQPHVDVFSQVLNFICTPRHSPSPYTPRILLFGPPGAGRNLQAKLIAQKYGIINICCGELLKAVSADESHMGELIKPYLESEQQVPSSIVLRVLTERLSRMDCTARGWVLHGFPRDVEEAELLHKSNFTPNRVFFLEITDDIAIERLALRAVDPVTGEWYHSVYKPPPGPEVQARLRFNPQHSEAQLLMRLKEYWSQTVRLQAFYPQAVYINADQDPHTVFESLESRLVGQLPKVLSNQQTNEN,0
Cc1cc(O)c2ccccc2c1O,MAVIESVYARQILDSRGNPTVQVVLDTEDGAQGLGLVPSGASTGEAEAWERRDGDKSVYGGKGVLNAVKAVNEVIAPKVIGMDAADQRALDDLMIELDGTPNKGKLGANAILGVSLAALYASAESAGLPLYRYIGGTNGHILPVPNMNIMNGGAHADFATDIQEYMISPYGFDTYSEALRAGVEVYHTLKNVLKKEGLNTGLGDEGGFAPKMKSNEDSLKYIMDAISAAGYEPGKQIGICLDVASSEFYNKETGKYRFDGEERDSAYMLDYYENLINEYPIVSIEDPFNEEGWEDWAAITARLGDRLQFVGDDLLVTNPARLQKAIDLGAANSLLVKLNQIGSVTETLDAIELATANGYTSMVSHRSGETPDTTISDLAVAKNTRQIKTGAPARGERVAKYNRLLEIEEELGSTAQYAGYSAFKACKKYLAK,0
N=C(N)NCCCC(N)=O,MPAFSQATDLSAWKELQEHHTAVGRNIVLKEAFEKDPQRFEKFSRTFKNTVDNSDILFDFSKNFLTEETLSLLVKLAKEANVEELRDAMFKGEHINFTEDRAVYHAALRNVSNEPMQVDGKSVVEDVNSVLEHMKEFSEQVRSGEWKGYTDKKIDTIINIGIGGSDLGPVMVTEALKPYGAPGMKLHFVSNIDGTHIAEALKDSNPETTLFLIASKTFTTAETTTNANSAKKWFLETAKDESHIAKHFVALSTNEAEVTKFGIDKKNMFGFESWVGGRYSVWSAIGLSVALYIGYDNFHQFLAGAQAMDKHFREAPLEQNIPAIGGLLSVWYSDFFGAQTHLVAPFDQYLHRFPAYLQQLSMESNGKAITRSGEYVKYTTGPILFGEPATNAQHSFFQLLHQGTKLIPSDFIMAAESHNPVEGGKHQRMLASNFLAQSEALMVGKTPEQVKTEGAPDNLVPHKTFLGNRPTTSILAQKITPSTLGALIAYYEHLTFTEGAVWNINSFDQWGVELGKVLAKKIQQELETSGAGAGHDASTSGLLAAFKQKANLA,0
NC(=O)O,MIKIPRGTQDILPEDSKKWRYIENQLDELMTFYNYKEIRTPIFESTDLFARGVGDSTDVVQKEMYTFKDKGDRSITLRPEGTAAVVRSYIEHKMQGNPNQPIKLYYNGPMFRYERKQKGRYRQFNQFGVEAIGAENPSVDAEVLAMVMHIYQSFGLKHLKLVINSVGDMASRKEYNEALVKHFEPVIHEFCSDCQSRLHTNPMRILDCKVDRDKEAIKTAPRITDFLNEESKAYYEQVKAYLDDLGIPYIEDPNLVRGLDYYTHTAFELMMDNPNYDGAITTLCGGGRYNGLLELLDGPSETGIGFALSIERLLLALEEEGIELDIEENLDLFIVTMGDQADRYAVKLLNHLRHNGIKADKDYLQRKIKGQMKQADRLGAKFTIVIGDQELENNKIDVKNMTTGESETIELDALVEYFKK,0
CCCCCCCCC=CCCCCCCCC(=O)OC(COC(=O)CCCCCCCCCCCCCCCCCCC)COP(=O)(O)O,MNIVNLISKKQRGKALTETEINWFVHSVNNKSLADYQVSAFLMAVWFQGMNSKELFCLTKAMVKSGESLHFNHHSKLSVDKHSTGGIGDKVSIALIPILTALDYSVAKLSGRGLGYTGGTIDKLEAVGVKTDFTPTEAQNLLDQNDCFIIGQSEGIAPVDKVLYALRDTTATVDSLPLIASSVMSKKLAINNDYIFIDLKYGKGAFCKTKTMAKELAQYMYSIAKQFKRKLYIKLSDMNQVLGKTIGNALEVLEVVHFLKRNWTEVGADFIQLMEQIVTEILIETKRAPNKRAAVALYHATLEGEKPWQRFLKFIELQGSSWERFLDLKELFNPQYKAPVLASQSGTLSYTSPVDLAMVSISLGAGRMVKTDLIDPMAGIKLVKQANEVVKAGDTVLELYSSKPITPAHIEAAQHTIIIKQ,0
COC(C)(C)CC=CC(C)=CC=CC(C)=CC=CC(C)=CC=CC=C(C)C=CC=C(C)C=CC=C(C)C=CCC(C)(C)OC,MQEQYRPEEIESKVQLHWDEKRTFEVTEDESKEKYYCLSMLPYPSGRLHMGHVRNYTIGDVVARYQRMLGKNVLQPIGWDAFGLPAEGAAVKNNTAPAPWTYDNIAYMKNQLKTLGFGYDWSREIATCTPEYYRWEQKFFTELYKKGLVYKKTSAVNWCPNDQTVLANEQVIDGCCWRCDTKVERKEIPQWFIKITAYADELLRDLDKLDHWPDTVKTMQRNWIGRSEGVEITFDVKGYDNTLTVYTTRPDTFMGATYLAVAAGHPLAQKAAANNAELAAFIDECRNTKVAEAEMATMEKKGVDTGYKAIHPLTGEEIPVWAANFVLMEYGTGAVMAVPGHDQRDYEFASKYGLTIKPVILAADGSEPDLSEQALTEKGVLFNSGEFDGLAFEAAFNAIADKLAEKGVGERKVNYRLRDWGVSRQRYWGAPIPMVTLEDGTVLPTPEDQLPVILPEDVVMDGITSPIKADPEWAKTTVNGMPALRETDTFDTFMESSWYYARYTCPQYQEGMLDSKAANYWLPVDIYIGGIEHAIMHLLYFRFFHKLMRDAGMVTSDEPAKQLLCQGMVLADAFYYVGENGERNWVSPVDAIVERDEKGRIVKAKDAAGHELVYTGMSKMSKSKNNGIDPQVMVERYGADTVRLFMMFASPADMTLEWQESGVEGANRFIKRVWKLVYEHTAKGPVAALNVDALSEDQKALRRDVHKTIAKVTDDIGRRQTFNTAIAAIMELMNKLAKAPQEGEQDRALLQEALQAVVRMLNPFTPHVCFTLWQELGGEGDIDNAPWPVADEQAMVENTTLVVVQVNGKVRGKITVAVDATEEQVRERAGQEHLVAKYLDGVTVRKVIYVPGKLLNLVVG,0
CC(C)(COP(=O)(O)O)C(O)C(=O)NCCC(=O)O,MAYFDYTSAKPVDERVLEAMLPYMTESFGNPSSVHSYGFKAREAVQEAREKVAKLVNGGGGTVVFTSGATEANNLAIIGYAMRNARKGKHILVSAVEHMSVINPAKFLQKQGFEVEYIPVGKYGEVDVSFIDQKLRDDTILVSVQHANNEIGTIQPVEEISEVLAGKAALHIDATASVGQIEVDVEKIGADMLTISSNDIYGPKGVGALWIRKEAKLQPVILGGGQENGLRSGSENVPSIVGFGKAAEITAMEWREEAERLRRLRDRIIDNVLKIEESYLNGHPEKRLPNNVNVRFSYIEGESIVLSLDMAGIQASTGSACSSKTLQPSHVLMACGLKHEEAHGTLLLTLGRYNTDEDVDRLLEVLPGVIERLRSMSPLYRR,0
CCC(NC(=O)CCC(N)C(=O)O)C(=O)O,MSLQTLPSDAADSRPNRPEDVQALEADARLRDDIRLLGRILGDTVRDQEGADLFDLVERIRQTSIRFHRDEDRLARRELEQILDSMSTSETVRIVRAFSYFSHLANIAEDQNNIRQMRARTAAKIGGSGVLADTLAHAKAAGIGPDALRNFFKTALVSPVLTAHPTEVRRKSTMDREMEVASLLDRRERVALTEDEAAASDEQLRREVLTLWQTNLLRRTKLTVLDEVANGLSFYDYTFLREVPRLVNVLEDRLEEDGDQAASELASFLRMGSWIGGDRDGNPFVTADVMRGTLRLQSSRVMQFYLNELHVLGSELSIAAHLADVSEELRTLAERSPDTSPHRSGEPYRLAVSGIYARLTATAEALEVEITRRPVGKGRPYESVKELQADLDVLHRSLISNNARVIARGRLRLLRRAVDCFGFHLARLDIRQNSAVHERTIAELMDAANPGMSYLALGEDARISLLTNELRSTRALVSPFVKYSDETMGELNVFHAAAEAHAKFGSDAIPQCIISMCKGMSDMLEVAVLLKEVGLVHPSGRSAINIVPLFETIEDLQASSAIMDRMLSLHDYRRLVDSRGSVQEVMLGYSDSNKDGGFVTSGWELYKAEINLVDVFERHHVRLRLFHGRGGSVGRGGGPSYDAIIAQPGGAVNGQIRITEQGEIISSKYSNAEVGRNNLEILAAATLEASLLHPRQSAPRREYLTAMDELSSLAFRAYRGLVYETDGFVDYFWASTVINEIATLNIGSRPASRKKTRAIEDLRAIPWVFSWAQCRLMLPGWYGFGTAVEQWIAEHPDKGMPFLKELYKEWPFFRMLLSNMDMVLAKSSIAIASRYAELVPDEALREKIFGRIRREWHSCIETLLDIMGQDRLLQGNPLLERSVRHRFPYLDPLNHVQVELLREHRAQNPDEQVLRGIQLTINGISAGLRNTG,0
CCCCCCC=CCCCCCCCC(=O)OCC,MACSAEAVFAELHALSNFSFLRGASHPKELVAEAARLGYAALALTDECSLAGVVRAHAEAKTLGFKLIIGSEFRLEDGPKLVLLAMDRRGYGQLAAFITLGRRAAEKGEYRLLRGQLETHPLDQCIAIWLPEDAPDDETGAWLARLFPARCWIGVELFLSGGDGLRLSVLQALGERLGLPLVACNDVHMHARERQPLQDTLTAIRLGRPLAELGYALFPNGERHLRPIEFLARIYPRALLEESLRIAERCRFSLDELRYEYPAELVPDGYTAIAWLRELTRQGMAERWPEGAPDKVRRQVEHELELIGAMAYEPFFLTVHDVVRFARSRGILCQGRGSAANSAVCYCLGITEVDPARLDLLFERFISRERNEPPDIDVDFEHERREEVIQYIYRKYGRHRAALAASLITYRVRSAVRDVARALGFSPSRIDTLARVLDRHGVAETLPERLAEAGLASENPAVRRLLALMQMLVGFPRHLSQHVGGFVIAAEDLSHWVPVENAAMPERTVIQWDKDDLESLGLLKVDVLSLGMLTAIRKALAYVGEGRGRPFTLADVPPEDPAVYEMLQRADSIGVFQVESRAQMSMLPRLRPQSYYDLVIQIAIVRPGPIQGDMVHPYLTRRAGLEPVSYPSPAVEKVLKRTLGVPIFQEQVMQLAMVAAGFTPGEADRLRRAMAAWHRKGGLEPFEKKLMDGMRERGYEERFARQIYRQIRGFGEYGFPESHSASFALLAYVSAWLKCHHPAAFACALLNSQPMGFYGPSQLIQDARRHGVEVRPIDVNHSDWDCTLEPTEIPNPLSLWERVGVRALQTGSNPALRLGLRLVNGFSSAAAQRLSDARRQGPFQSIQDLATRVPLDRRELEALAAADALHGLGGHRHRAFWEAAGVEAPTPLYAEPQFAEAEPLLRKPGEAEDVIADYAAAGASLRRHPLSLLRERLDRRGFRTAEALWQVRNGAIARVAGLVVCRQRPMTANGTTFVTIEDETGQINLIVWPATAQAQRRALLRAHLLAVSGTVQQEEGVLHLVAGRLEDIGKWLDGLVVKSRDFQ,0
O=C(O)C=CC1=CC=CC(O)C1O,MAATTRRLLYYVSKRFSTAGVRRSYGGLPQSNSKSPPSSSQRLMELESEFSAHNYHPVPVVFSRANGSTIWDPEGKRYIDFLAAYSAVNQGHCHPKIMKALQEQVEKLTLSSRAFYNDKFPVFAERLTNMFGYDMVLPMNTGAEGVETALKLARKWGHEKKNIPKDEAIIVSCCGCFHGRTLAIVSMSCDNDATRGFGPLLPGNLKVDFGDADSLEKIFKEKGDRIAGFLFEPIQGEAGVIIPPDGYLKAVRELCTKYNVLMIADEVQSGLARSGKMLACDWEEIRPDMVILGKALGGGVIPVSAVLADKDVMLHIKPGQHGSTFGGNPLASAVAMASLDVIVEEKLVERSASLGEELRIQLNEIKKQFPKYIKEVRGRGLFNAIEFNSESLSPVSAYDICLSLKERGVLAKPTHNTIVRLTPPLSISSDELRDGSEALHDVLELDLPNLLKINSGKTPVSHITECDRCGRNLYA,0
O=C(O)c1cccc(O)c1O,MASSTPSSSATSSNAGADPNTTNLRPTTYDTWCGVAHGCTRKLGLKICGFLQRTNSLEEKSRLVSAFKERQSSKNLLSCENSDRDARFRRTETDFSNLFARDLLPAKNGEEQTVQFLLEVVDILLNYVRKTFDRSTKVLDFHHPHQLLEGMEGFNLELSDHPESLEQILVDCRDTLKYGVRTGHPRFFNQLSTGLDIIGLAGEWLTSTANTNMFTYEIAPVFVLMEQITLKKMREIVGWSSKDGDGIFSPGGAISNMYSIMAARYKYFPEVKTKGMAAVPKLVLFTSEQSHYSIKKAGAALGFGTDNVILIKCNERGKIIPADFEAKILEAKQKGYVPFYVNATAGTTVYGAFDPIQEIADICEKYNLWLHVDAAWGGGLLMSRKHRHKLNGIERANSVTWNPHKMMGVLLQCSAILVKEKGILQGCNQMCAGYLFQPDKQYDVSYDTGDKAIQCGRHVDIFKFWLMWKAKGTVGFENQINKCLELAEYLYAKIKNREEFEMVFNGEPEHTNVCFWYIPQSLRGVPDSPQRREKLHKVAPKIKALMMESGTTMVGYQPQGDKANFFRMVISNPAATQSDIDFLIEEIERLGQDL,0
CC(C)=CCCC(C)=CCCC(C)=CCCC(C)=CCOP(=O)(O)OP(=O)(O)O,MYHVVAATINPAKIKAISQAFSDIFGAGSCHIEGVEVDSGVAAQPISNTETRTGARQRVMNARRVRPEADFWVAIEAGIEEDTAFAWMVVENQKLRGESRSASFTLPAIVMKGIHQGRELGDEMARLTGIDNIKHKGGAIGAFTAGHLTRSSVYHQALILALCPFHNDIYQRKADDEDSDLI,0
CCCCCC=CCC=CCCCCCC=CC(=O)SCCNC(=O)CCNC(=O)C(O)C(C)(C)COP(=O)(O)OP(=O)(O)OCC1OC(n2cnc3c(N)ncnc32)C(O)C1OP(=O)(O)O,MPFVMAIDQGTTSSRAILFRSDISIAASAQQEFPQHFPASGWVEHEPEDIWATTIATCRAAMDKAGATAADIAAIGITNQRETVVVWDAVSGQAIHRAIVWQDRRTAEFCTRLKAEGLEPMVTAKTGLIIDPYFSGTKVAWLLDNVPGARARAERGELKFGTVDCYLLWRLTGGKVHATDATNASRTLLFNIHDGAWDDELLKLLGVPRSMLPEVKDSSAHFGDSVPELFGGSITIRGIAGDQQAATIGQACFTPGMIKSTYGTGCFALLNTGATPVKSNNKLLTTVAYQLGGKRTYALEGSIFVAGSAVQWLRDGLGVIKHASETGPLADKSDSAQSVYLVPAFVGMGAPYWNPRVRGALFGLTRNTGPAELAHAALESVCYQTFDLWAAMRADWPDADAATTVLRVDGGMTASDWTMQRLADLLDAPVDRPVIQETTALGAAYLAGLSAGVFPEPQKFADNWRLDHRFRPAMSAATRERKLAGWARAVRGLLATDEGE,0
CC(=O)NC1C(OP(=O)(O)OP(=O)(O)OCC=C(C)CCC=C(C)CCC=C(C)CCC=C(C)CCC=C(C)CCC=C(C)CCC=C(C)CCC=C(C)CCC=C(C)CCC=C(C)CCC=C(C)C)OC(CO)C(O)C1OC(C)C(=O)NC(C)C(=O)NC(CCC(=O)NC(CCCC(N)C(=O)O)C(=O)NC(C)C(=O)NC(C)C(=O)O)C(=O)O,MVRSLLLVHAHPDDESISTGATMAYYAAQGVRVTLVTCTLGEEGEILVPDLRLLAADEADQLGGYRISELAAACAALGVTDHRFLGGAGRYRDSGMMGTPANNHPRAFWQADLDTAAAYLVDIIRDVRPQVVITYDENGGYGHPDHIQAHRVTVRAVDQTRDIVTKLYAAAVPRSAFAEGIQALRAAGDTTSFAGVEDVDNVPFVRPDEVITTAIDARAFLDRKIAALRAHATQIAVDGPFFALSNNIGQRAFGVEYYILLRGTAYPAGDGRENDLFAGVDVVQAGDVGAAT,0
CCCCCCCCCCCCCCCCOCC(COP(=O)(O)O)OC(C)=O,MALRRPMVAGNWKMNGSAQLAQELFKKFATKLQDDSAEVVLCPPSIYLESVRQLLDENKEALNGCLVRMGAQNLSQHDFGAYTGEISGQMLKDSGCRYVIIGHSERRRMYGETSVIVAEKFAAAQKHGLTPILCVGESGPAREARRTFEVIAEELDVVIEKNGTMAFDNAIIAYEPLWAVGTGKSATPEQAQEVHAFIRKRLSEVSPFIGENIRILYGGSVTPSNAADLFAQPDVDGGLIGGVSLNATEFLSLCTIAMSA,0
CC(C)=CCNc1ncnc2[nH]cnc12,MKVFYDKDCDLSIIQGKKVAIIGYGSQGHAQACNLKDSGVDVTVGLRKGSATVAKAEAHGLKVADVATAVAAADLVMILTPDEFQGALYKNEIEPNIKKGATLAFSHGFSIHYNQVVPRADLDVIMIAPKAPGHTVRSEFVKGGGIPDLIAIYQDASGNAKNVALSYASGVGGGRTGIIETTFKDETETDLFGEQAVLCGGTVELVKAGFETLVEAGYAPEMAYFECLHELKLIVDLMYEGGIANMNYSISNNAEYGEYVTGPEVINEESRKAMRNALKRIQDGEYAKMFISEGATNYPSMTAKRRNNAAHGIEIIGEQLRSMMPWISANKIVDKTKN,0
CCCCCCCCCCCCCCCCCCCCCCCC(=O)SCCNC(=O)CCNC(=O)C(O)C(C)(C)COP(=O)(O)OP(=O)(O)OCC1OC(n2cnc3c(N)ncnc32)C(O)C1OP(=O)(O)O,MTISVFDLFTIGIGPSSSHTVGPMRAANQFVVALRRRGHLDDLEAMRVDLFGSLAATGAGHGTMSAILLGLEGCQPETITTEHKERRLAEIAASGVTRIGGVIPVPLTERDIDLHPDIVLPTHPNGMTFTAAGPHGRVLATETYFSVGGGFIVTEQTSGNSGQHPCSVALPYVSAQELLDICDRLDVSISEAALRNETCCRTENEVRAALLHLRDVMVECEQRSIAREGLLPGGLRVRRRAKVWYDRLNAEDPTRKPEFAEDWVNLVALAVNEENASGGRVVTAPTNGAAGIVPAVLHYAIHYTSAGAGDPDDVTVRFLLTAGAIGSLFKERASISGAEVGCQGEVGSAAAMAAAGLAEILGGTPRQVENAAEIAMEHSLGLTCDPIAGLVQIPCIERNAISAGKAINAARMALRGDGIHRVTLDQVIDTMRATGADMHTKYKETSAGGLAINVAVNIVEC,0
CC(C)(COP(=O)(O)OP(=O)(O)OCC1OC(n2cnc3c(N)ncnc32)C(O)C1OP(=O)(O)O)C(O)C(=O)NCCC(=O)NCCSC(=O)CCC(=O)O,MADKLVAGKHLRYILNLMAEKKKESFESVVMDHLRMNGAYWGLTTLALLDKLGSVSEDEVVSWVMTCQHESGGFAGNTGHDPHVLYTLSAVQILALFDKLNILDVEKVSNYIAGLQNEDGSFSGDIWGEVDTRFSYIAICCLSILKCLDKINVKKAVDYIVSCKNLDGGFGCSPGAESHAGQIFCCVGALAITGNLHRVDKDLLGWWLCERQDYESGGLNGRPEKLPDVCYSWWVLSSLIMIDRVHWIEKAKLVKFILDSQDMDNGGISDRPSYTVDIFHTYFGVAGLSLLEYPGVKTIDPAYALPVHVINRILFTK,0
O=COCC(COP(=O)(O)O)OC=O,MDELLLQDPEVGKAIILEIERQTGKLELIASENFVSAAVRQAQGSVLTHKYAEGYPGKRYYGGCEFVDIAENIAIERARTIFGCEYANVQPHSGSQANMGVYFACLKPGDTILGMNLSHGGHLTHGSPVNFSGRLFNVVFYGVEKETGRIDYEQVAALAREHKPSLIVAGASAYPRTIDFARFRAIADEVGAKLMVDMAHIAGLVAAGYHPSPVQHAHYTTTTTHKTLRGPRGGMILSTEDNGKTLNSQIFPGIQGGPLMHVIAAKAVAFGEALRPAFKEYQKQVVDNAAALAGVLTAAGFDLVSGGTDNHLMLVDLTSKDVTGKDAEIALDKAGITVNKNTVPFETRSPFVTSGVRLGTPALTTRGMKAAEMEKVGGWIVDAIANTTNETRLAEISREVERFARQFPLFAW,0
NC(Cc1c[nH]cn1)C(=O)O,MNPQELKSIMGSGLLSFPLTDFDANGDFNKKGYEKRLEWLAPYGASALFAAGGTGEFFSLTGDEYPGIIQTAVDTCRGVVPIIAGAGGPTRFAIQCAQAAEKAGAHGILLLPHYLTEAGQEGLAAHVEAVCKSVKFGVIVYNRATSRLKPETLAALAERNPNLVGFKDGVGDIEAMVAIYQKMGDRFAYLGGLPTAEVYAAAYKALGTPVYSSAVFNFIPKTAMDFYKAVAADDLPTQHRLLKNFFMPYLDLRNRVPGYAVSIVKAGAKIVGHDAGPVRTPLTDLQPAEMEQLKALIDALGPQ,0
O=S(=O)(O)S,MNLQVEVGGLKLKNPVMTASGTFGFGREYGEYIDLNQLGAIVVKGLTVNPKEGNPPPRVYETPCGMLNSVGLQNPGINAFIEKELPFLRDYDVAVIVNIAGETIEEFAYMAKKLDIDGVDGIEINVSCPNVKKGGMAFGINPEDIFNITKEVKKVTQKTVIVKLTPNVGDIGVCAKAAEDGGADAVSLINTIAGMAINIDTRTPVFKNVIAGLSGPAIKPIALRMVYEAARAVKIPVIGMGGISSFKDALEFMIAGAKAVAIGTCNFVNPNCTIEVIEGIKQYMVLNNIEDINEIIGSLKVD,0
O=C(CO)C(O)C(O)COP(=O)(O)O,MDGVLWRVRTAALMAALLALAAWALVWASPSVEAQSNPYQRGPNPTRSALTADGPFSVATYTVSRLSVSGFGGGVIYYPTGTSLTFGGIAMSPGYTADASSLAWLGRRLASHGFVVLVINTNSRFDYPDSRASQLSAALNYLRTSSPSAVRARLDANRLAVAGHSMGGGGTLRIAEQNPSLKAAVPLTPWHTDKTFNTSVPVLIVGAEADTVAPVSQHAIPFYQNLPSTTPKVYVELDNASHFAPNSNNAAISVYTISWMKLWVDNDTRYRQFLCNVNDPALSDFRTNNRHCQ,0
C=C1CC23CC1(O)CCC2C12CC(O)C(O)C(C)(C(=O)O1)C2C3C(=O)O,MERTFVYLKPNTIQRQLIGEVISRFERKGLKIVALKMLKMTMEQAEKLYEEHKGKDFYKPLLKFVTSGPIVAMILEGPRAVEVVRHVIGKTDPLEANSGTIRGEFGVTIRKNIVHASDSPEHAKHEMSIFFDTSEIVDYKLLLEEQF,0
O=c1[nH]cc(F)c(=O)[nH]1,MTTPPPQLASAQNPSGDTPTWAMILGRLTTGQGLAPGQTAWAMDQIMTGTATPAQIAAFAVSMKMKRPTSAEVTELADIMLKHARRVPTDVIGTATVDIVGTGGDGANTVNLSTMAAIVVAAAGVPVVKHGNRAASSLSGGADTLEALGLRIDLGPDEVARCVAEVGIGFAFAPQFHPSYRHAGAVRREIGVPTVFNLLGPLTNPASPRAGLIGCAWADLAEVMAGVFATRGSSVLVVHGDDGLDELTTTTTSTIWRVQAGTVERLTFDPAAFGFARAHVSELTGGDAESNAASARAVLGGAKGPVRDAVVLNAAGALVAHAGLSSDAKWVPAWESGLARAKDAIDSGAAEQLLARWVRFTQQL,0
CCCCCC(O)C=CC1C(=O)CC(O)C1CC=CCCCC(=O)OC(CO)CO,MVLPSSTPLQTTGKKTISSPEYNFPVIDFSLNDRSKLSEKIVKACEVNGFFKVINHGVKPEIIKRFEHEGEEFFNKPESDKLRAGPASPFGYGCKNIGFNGDLGELEYLLLHANPTAVADKSETISHDDPFKFSSATNDYIRTVRDLACEIIDLTIENLWGQKSSEVSELIRDVRSDSILRLNHYPPAPYALSGVGQIGFGEHSDPQILTVLRSNDVDGLEICSRDGLWIPIPSDPTCFFVLVGDCLQALTNGRFTSVRHRVLANTAKKPRMSAMYFAAPPLEAKISPLPKMVSPENPRRYNSFTWGDYKKATYSLRLDVPRLEFFKTL,0
O=C1COC(OP(=O)(O)OP(=O)(O)OCC2OC(n3ccc(=O)[nH]c3=O)C(O)C2O)C(O)C1O,MPAISRDEVAHLARLSRLALSDAELDEFAGQLDSILNHVKVVTEVAADDVPPMANPNAVTNVTRPDVIVPGLTPEQALSGAPAVEQDRFAVPQILGEGE,0
NC(=O)OP(=O)(O)O,MAGLFITFEGGEGAGKTTVIQHIFQKLIAQGIDVIQTREPGGIKISEKIRSIIHDPEHLEMEERTEALLYAAARRQHLVEKVFPALEQGKVVLCDRFVDSSLAYQGYARGLGIDEVYAINHFVIQDCMPDLTLFFDIEPKKGLERIAANKNRERNRLDLENMQFHEAVYEGYQKVIARFPERIKTIQAEQALEAVEQDTMEIISSFLNEKEKGGNNEINYYGDSR,0
CN1Cc2c(ccc3c2OCO3)CC(=O)c2cc3c(cc2CC1O)OCO3,MSINIKAVTDDNRAAILDLHVSQNQLSYIESTKVCLEDAKECHYYKPVGLYYEGDLVGFAMYGLFPEYDEDNKNGRVWLDRFFIDERYQGKGLGKKMLKALIQHLAELYKCKRIYLSIFENNIHAIRLYQRFGFQFNGELDFNGEKVMVKEL,0
O=C1c2cc(O)cc(O)c2C(=O)c2c1cc1c(c2O)C(CCO)C(O)O1,MTTLTARPEAITFDPQQSALIVVDMQNAYATPGGYLDLAGFDVSTTRPVIANIQTAVTAARAAGMLIIWFQNGWDEQYVEAGGPGSPNFHKSNALKTMRKQPQLQGKLLAKGSWDYQLVDELVPQPGDIVLPKPRYSGFFNTPLDSILRSRGIRHLVFTGIATNVCVESTLRDGFFLEYFGVVLEDATHQAGPEFAQKAALFNIETFFGWVSDVETFCDALSSTSFARIA,0
O=C(O)C(=O)C(O)C(=O)O,MKKGVLLNADISAVISRLGHTDQIVIGDAGLPIPATTTRIDLALTRGVPGFLQVVDVVTQEMQVENAYLAEEIVKNNPQLHEALLVLLTQLEQRQENQIALRYISHEAFKEQTKQSRAVIRSGECSPFANIILGSGVTF,0
O=P(O)(O)OCC1OC(CO)(OC2OC(CO)C(O)C(O)C2O)C(O)C1O,MIEFIDLKNQQARIKDKIDAGIQRVLRHGQYILGPEVTELEDRLADFVGAKYCISCANGTDALQIVQMALGVGPGDEVITPGFTYVATAETVALLGAKPVYVDIDPRTYNLDPQLLEAAITPRTKAIIPVSLYGQCADFDAINAIASKYGIPVIEDAAQSFGASYKGKRSCNLSTVACTSFFPSKPLGCYGDGGAIFTNDDELATAIRQIARHGQDRRYHHIRVGVNSRLDTLQAAILLPKLEIFEEEIALRQKVAAEYDLSLKQVGIGTPFIEVNNISVYAQYTVRMDNRESVQASLKAAGVPTAVHYPIPLNKQPAVADEKAKLPVGDKAATQVMSLPMHPYLDTASIKIICAALTN,0
CC(CCC(=O)NCC(=O)O)C1CCC2C3C(=O)CC4CC(O)CCC4(C)C3CC(O)C12C,MKILVDENMPYARDLFSRLGEVTAVPGRPIPVAQLADADALMVRSVTKVNESLLAGKPIKFVGTATAGTDHVDEAWLKQAGIGFSAAPGCNAIAVVEYVFSSLLMLAERDGFSLHERTVGIVGVGNVGRRLQARLEALGIKTLLCDPPRADRGDEGDFRSLDELVQHADILTFHTPLFKDGPYKTLHLADEKLIRSLKPGAILINACRGAVVDNTALLTCLSEGQKLSVVLDVWEGEPELNVELLKKVDIGTPHIAGYTLEGKARGTTQVFEAYSKFIGHEQHVALDTLLPAPEFGRITLHGPLDQPTLKRLVHLVYDVRRDDAPLRKVAGIPGEFDKLRKNYLERREWSSLYVICDDASAASLLCKLGFNAVHHPAR,0
O=c1c(-c2ccc(O)cc2)coc2cc(O)cc(O)c12,MEAKIDELINNDPVWSSQNESLISKPYNHILLKPGKNFRLNLIVQINRVMNLPKDQLAIVSQIVELLHNSSLLIDDIEDNAPLRRGQTTSHLIFGVPSTINTANYMYFRAMQLVSQLTTKEPLYHNLITIFNEELINLHRGQGLDIYWRDFLPEIIPTQEMYLNMVMNKTGGLFRLTLRLMEALSPSSHHGHSLVPFINLLGIIYQIRDDYLNLKDFQMSSEKGFAEDITEGKLSFPIVHALNFTKTKGQTEQHNEILRILLLRTSDKDIKLKLIQILEFDTNSLAYTKNFINQLVNMIKNDNENKYLPDLASHSDTATNLHDELLYIIDHLSEL,0
CNCCCCC(N)C(=O)O,MAKKLSSPKEYKEFIDKFDVFLFDCDGVLWSGSKPIPGVTDTMKLLRSLGKQIIFVSNNSTKSRETYMNKINEHGIAAKLEEIYPSAYSSATYVKKVLKLPADKKVFVLGEAGIEDELDRVGVAHIGGTDPSLRRALASEDVEKIGPDPSVGAVLCGMDMHVTYLKYCMAFQYLQDPNCAFLLTNQDSTFPTNGKFLPGSGAISYPLIFSTGRQPKILGKPYDEMMEAIIANVNFDRKKACFVGDRLNTDIQFAKNSNLGGSLLVLTGVSKEEEILEKDAPVVPDYYVESLAKLAETA,0
CC(=O)C(C)(O)C(=O)O,MENIQKLIARYPLVEDLVALKETTWFNPGATSLAQGLPYVGLTEQDVNAAHDRLARFAPYLAKAFPQTAAAGGMIESDVVAIPAMQKRLEKEYGQTIDGEMLLKKDSHLAISGSIKARGGIYEVLTHAEKLALEAGLLTTDDDYSVLLSPEFKQFFSQYSIAVGSTGNLGLSIGIMSACIGFKVTVHMSADARAWKKAKLRSHGVTVVEYEDDYGVAVEQGRKAAQSDPNCFFIDDENSRTLFLGYAVAGQRLKAQFAQQGRVVDASHPLFVYLPCGVGGGPGGVAFGLKLAFGDNVHCFFAEPTHSPCMLLGVYTGLHDAISVQDIGIDNLTAADGLAVGRASGFVGRAMERLLDGLYTLDDQTMYDMLGWLAQEEGIRLEPSALAGMAGPQRICAAAAYQQRHGFSQTQLGNATHLVWATGGGMVPEDEMEQYLAKGR,0
CC(=O)NC1C(OP(=O)(O)O)OC(CO)C(O)C1O,MPDLDRIVKDIAEEMRARPDRGAVASYIPELARADPQAFGLVVIDGDGRVAAGGDADIAFSIQSISKVFTLTLALGMVGDRLWRRVGREPSGSPFNSIVQLERENGIPRNPFINAGAIAVTDVILSGHQPREALGEILRFMQFLAQDDSIAIDDRVAASEKRTGFRNAALANYMRSFDVIENPVDYTLGVYFHHCAIAMTCRQLATAGLFLAYSGHHPLAGHSVISAERARRINAIMLTCGHYDGSGDFAYRVGLPGKSGVGGGILAVAPGRASICVWSPGLDAAGNSHLGRIALEMLVKRTGWSIFGV,0
ONc1cccc(O)c1,MIKISDEKTWQSSRDSVYEVGDSYSGQNANRPLVATNCSEYAVAHANCQLRPVRRFAEVSLLPDILETMRNLGLNRLLRLQSYTWPHLAGGSGHGAMIVGSPASGRTFAYIPPVCHAVSRALMDFTGQCEDVEHDISQPDRYGPIALILVPDLRRVHQVSAMCLALLRKAHKNDSVTLALNVSSTKSSQFFLKLLNGVGCLVATPAQLVWFWQEAPGLMRFPCLQFLVYDDVDLMSREQLQDVQQVLQEILPLSHSPQVVMVSKSYCHTLMSKLRAVNDKPALVFGDILEAALYGGTRIRISIMRSEAKANAVVQMLQQCSPEEFRTVIFCSDDGDMQCLVAALEVQHYSCLPYYQTADLEVRQQVHSWQARSNGVILLCTDNCPELDIRDAHTIIHHSMSHSWSKFKLRHLKISDNLCNMVKPTASIVKKPLYSLVLLDDNNHRQLPRLVDFLQLHQKVDHRLVEVAKRIRQELGKARNDQHQLCDQILVLGKCYDPVCESRHRLSHIDRRPDYLPASGDVKVQLVKVYSPTHFCVRLLEHLPPKGTWRMMEYSAVQEFRMQLTQIKEPRRYWPPVAGAICMYHTTFTKERVRVLKVAAIKNTNIVQSDLTVKLQALDVDTRIFSTNCGKLFECPEALQQEAPLACDLRLPGWVPYFGERSWTEENIRNVNLILTQLPKDHFLQAKILFVAAGTLFVQDLVAIMYADQFKAHVRHLSLARRLVEATLVKRSENAAEMIREFFAEVIIEDDIDENVQDSKEKANSKPHEKMKGKMTDQPAKLQSQPPLSGRCLRLANMAHESVKENQLHQELQERRYETPEIPHQSNESDIPQSNEDRFSQLYECIMNCASLQLEDESKPAKHPDHVLSESVEFHKIMTNEDATPDHTQEKTALLLLPNNVARPSVTYYQTMTTLEFQVFLPEDDHDYKALLLGAQLFFRAISKSSDLILQFIMTLRFPYSSMSHNIRGRTVYISVKKLLALIDPLAFREYRFLKPNHDLFDKVDKQLQETQNRLVRFLEDMNYVKRNFEGQEKRETSEDEEVNVEGIERPDCHKIWDL,0
CC(=O)CC(=O)O,MARKPSKTRPSKAKSGPALTHIGATGEARMVDVSDKPATERLAVAEGRVLMTRATLDLIVSGNAKKGDVLGTARIAGIMAAKRTSELIPLCHPLALSKVTVDIEPDAKLPGCLVRASVKVTGPTGVEMEALTAVSVACLTIYDMIKAVERGVRIEGIHLVEKLGGKSGHYRA,0
CC(O)C(N)C(=O)O,MSDPFEALKAEVDLLGRLLGEAIRKVSGERFFALVEEVRLLSKARRQGDGAAAEVLSQRVERMPVEEMEALVRAFTHYFHLVNLAEERHRVRVNRLRTEGETLENPRPEGFLALAKALKERGLSLEEAEAHLNRLALLLTFTAHPTETRRRTLRHHLERLQEELEGGDRERLLARVVLLYATEEVRKARPSVEDEIKGGLYYLPTTLWRAIPKVVEGLEAALERVYGKRPHLRSPVRFRSWMGGDRDGNPYVTPEVTAFAGRYAREVAKGRYLEELEALVRDLSLSEARIPVPKEVREGGEGVERFPGEPYRRYFAALYRALEGEALSTEGLARALKVAEKGLEGVGLAQVAQAFLRPLEARLSAFGLELAPLDLREESGKLLEAAAELLRLGGVHPDFLALSPEEKEALLTEELKTARPLLPVGEVPQGEALRVALGALRAWGDKGAHVVSMTHHPADLLAVFLLAREVGLYRPGKPLPFDVVPLFETLEDLERAPEVLRRLLANPVFRAHAQGRGGVEVMIGYSDSNKDAGFLMANLALYQAQEALHAVGEAQGIPVFFFHGRGTSTARGGGPAGRAIAGLPPKSVGHRLRLTEQGEALADRYAHPDLAVRHLEQLLYHFAQAALGDGVEPKAHWREALGEAGERSMARYRALLSQEGFFPFFEAFTPIREIGELPIASRPVYRHGRVRDIRDLRAIPWVMAWTQVRLLLPGWYGLSALEGLPMPLLREMYREWPFFATTLESAAMALAKADLGIAERYLKLVPEGLQGFYHHLAEEYRRTVALLEAIFEAPLLHNQKTLERQIALRNPYVDPINFVQVELLARYRAPGGREDEGVRRALLLSLLGVAAGLRNAG,0
CC(=O)NC1C(OP(=O)(O)OP(=O)(O)OCC=C(C)CCC=C(C)CCC=C(C)CCC=C(C)CCC=C(C)CCC=C(C)CCC=C(C)CCC=C(C)CCC=C(C)CCC=C(C)CCC=C(C)C)OC(CO)C(O)C1OC1OC(CO)C(O)C(OC2OC(CO)C(O)C(O)C2OC2OC(C)C(O)C(O)C2O)C1NC(C)=O,MTERTFSIIKPDATRRNLTGKINAVIEEAGLRIVAQRRVKLTDAQAKKFYEVHAERPFYGELVAQMTAEPVVVQVLEGDNAVLKYREVMGATNPDNADEGTIRKLFALSIGENSVHGSDSLENAAIEIAQFFKDEDIVG,0
CC1=C2N=C(C=C3N=C(C(C)=C4C(CCC(=O)O)C(C)(CC(N)=O)C(C)(C5N=C1C(C)(CCC(=O)O)C5CC(=O)O)N4[Co+]CC1OC(n4cnc5c(N)ncnc54)C(O)C1O)C(C)(CC(N)=O)C3CCC(=O)O)C(C)(C)C2CCC(=O)O,MEIKDLQDYVAIVNDWPKKGIVFKDITPLMNDGEAYRFATDKIVEYAKELKIDIIVGPEARGFIIGCPVAYALGIGFAPVRKPGKLPRETIEMEYDLEYGTNKLSMHSDAIKPGQRVLITDDLLATGGTIEATIKLVEELGGIVAGCAFLIELKELEGHKKLNGYDRLILMKL,0
CCC(C)C(NC(=O)CC1CCC(=O)C1CC=CCCO)C(=O)O,MAVILDGKQVAHFLRQSLAEQVQTLAKEGKPIPHLAIVLVGDDPASHTYVYNKVKACQEVGFQTTFIQEASHVQESTLLYLIHKLNEDTSIHGIIIQLPLPKHINAIKIIQAITPSKDVDGLHTFNYGRMACNLPTHIPATPLGILLLLEHYQIETAGKHCVIIGRGPTVGAPLSILMSRNAYPGNATVTLCHSYTQQLTNFTRQADILVVAVGKPGLITADMIKPSTTVIDVGITRIPDTTKKRGYRLKGDVAFEEVATLCNAITPVPGGVGPMTIAALLTNTLRAATNQVYNTPTS,0
C=C(OP(=O)(O)O)C(=O)O,MEAFTKHTGRAVPLRRSNVDTDQIIPAHWLKKVTRDGFEDGLFEAWRKDPEFVLNRPEREGATVLVAGPDFGTGSSREHAVWALQNYGFKTVVSSRFADIFRGNSLKNGLLTVVLDQKTVDALWELVERDPQAEITVDLEAREVRAEGVTASFELDENSRWRLLNGLDDISITLQNEADIAAYEAKRPSFKPQTVQV,0
CC(C)=CCCC(C)=CCCC(C)=CCCC(C)=CCCC(C)=CCCC(C)=CCCC(C)=CCCC(C)=CCCC(C)=CCCC(C)=CCOP(=O)(O)OC1OC(CO)C(O)C1O,MMKESSKWIAAFVEIIIENGDWTETDRYYLTNRIAKLVGCDFFEQPEAVACEQEPLRVVEHLLNIAQANHQIDDSITEAEQLEAELMDFITPTPTIINQKFMDYYQESPRKATDYFYQLCKTNNYIKTKAIAKNIIFPMDSPYGKLEITINLSKPEKDARKILAEKKMSQKKYPACMLCMENEGYYGRVNYPARTNHRIIRLNLEDEAWGFQYSPYAYYNEHAIFLDQQHREMKIEKKTFQRLLKITELFPEYFVGSNADLPIVGGSILSHDHYQAGRHTFPMDLAPMEKRFSLKKYPEITAGILKWPMSVIRLQSDRQEELVEAAELILTKWRNYSDERVSVRAYSKDGTPHHTITPIARRKGSLFELDLVLRDNNVSEEFPDGIFHPHPEVQHIKQENIGLIEVMGLAILPPRLAQELREVEKYLLKQPNQIAESHRAWADELSQQTITEANVKEVIQQGIGTIFVQILTDAGVFKRDEEGRRAFERFIQCIEND,0
NC(CS)C(=O)O,MSAIVDIFAREILDSRGNPTVECDVLLESGVMGRAAVPSGASTGQKEALELRDGDKSRYSGKGVLKAVEHVNNQIAQALIGIDANEQSYIDQIMIELDGTENKGNLGANATLAVSMAVARAAAEDSGLPLYRYLGGAGPMSLPVPMMNVINGGEHANNSLNIQEFMIMPVGAKSFREALRCGAEIFHALKKLCDSKGFPTTVGDEGGFAPNLNSHKEALQLMVEAAEAAGYKAGEDVLFALDCASSEFYKDGKYHLEAEGRSYTNAEFAEYLEGLVNEFPIISIEDGMDENDWEGWKLLTEKLGKKVQLVGDDLFVTNPKILAEGIEKGVANALLVKVNQIGTLSETLKAVDLAKCNRYASVMSHRSGETEDSTIADLAVATNCMQIKTGSLSRSDRMAKYNQLLRIEEELAEAAYYPGKAAFYQLGK,0
CCCCCCCCCCCCCCCCCCCC(O)CC(=O)SCCNC(=O)CCNC(=O)C(O)C(C)(C)COP(=O)(O)OP(=O)(O)OCC1OC(n2cnc3c(N)ncnc32)C(O)C1OP(=O)(O)O,MPSASDHSFSFPILIGDIGGTNARFALLVDAASEPTQLPPVKTGDFATIEDALQNGIFNKISVRPRSAILAVAGPIKSDEIPLTNAGWVIRPKDMLARLGLEDVLVINDFEAQALAIAAPADQDVVQIGGGSVRPRSSRVVLGPGTGLGVAGLVFAQDTWIPVPGEGGHVDIGPRTERDFRIWPFLDPIEGRMAGEQILCGRGIMNLYRAVCAADGVEPLFKDQAEVTTSALSGDDPAAIETVTLFATYLGRVAGDMALVFMARGGVFLAGGISQKILPALMRPDFRAAFEDKAPHSALMRTIPTFAVVHPMAALSGLAAFARAPRDFGVAMEGRRWRS,0
CC(C)=CCCC(C)=CCCC(C)=CCCC1(C)CCc2cc(O)cc(C)c2O1,MNVSSFLLAIDSGNTAIKWGLHTGDQWLVRGSALQSERMVLKQAWALLPAPPASVLISNVAGLQAADDLTALLKPWYVQPHWITASASQCGVTSRYTKPEQLGCDRWAALIAAWYRVQRACLVVDVGTAMTVDTLSSTGEFLGGIIVPGPDAMKQALAGCAGTLAAPVSSCFQNFPVNTENALYSGMIQALSGALERMYRLLSSYSEKQTLTEVIMTGGGAALLAQHIHIPHRIVDSLVLEGLAIIAKSGNFDYNKK,0
Cc1cc(O)cc(O)c1,MDKFTKLTGVAAPLPIVNIDTDMIIPKDYLKTIKRTGLGKGLFAEMRFNEDGSENPDFVLNKPGYRKAQILVAGDNFGCGSSREHAPWALLDYGIRCVISTSFADIFYNNCFKNGILPIKVAQEDLDKLMDDASRGANATLTIDLETKQIHGPDGGTISFDLDDFKRHCLLNGLDDIGLTMEKAKSIDTFEAKNAEERPWA,0
CC(C)(COP(=O)(O)OP(=O)(O)OCC1OC(n2cnc3c(N)ncnc32)C(O)C1OP(=O)(O)O)C(O)C(=O)NCCC(=O)NCCSC(=O)CC(O)C1C(O)CCC2(C)C(=O)CCC12,MAKATQDSNRPHKADVGSAIPNHDLPPIPGRYHADREELLEFYRRMLMIRRFEERCGQLYGLGLIAGFCHLYIGQEAVAVGLQAALQPGRDSVITGYREHGHMLAYGIDPKIVMAELTGRASGISHGKGGSMHMFSTEHKFFGGNGIVGAQVPLGAGLAFAHKYRNDGGCSAAYFGDGSANQGQVYEAYNMAALWKLPVIFVIENNGYAMGTSIQRANAHTALSERGAGFGIPALVVDGMDVLEVRGAATVAVDWVQAGKGPIILEMKTYRYRGHSMSDPARYRSREEVNDMKENHDPLDNLKKDLFAAGVPEAELVKLDEDIRQQVKEAADFAEKAPLPADEELYTNILVGKY,0
CC12CCC3c4ccc(O)cc4CCC3C1CCC2O,MKDTLFNEALGKRFCFDERVAHVFDDMLERSIPYYHEMLNLGAYFIAQNLKESINPKPLIYDLGCSTGNFFVVLNKQIQQDIELIGIDNSMPMLKKAQEKLKDFKNTHFECVDFLEIDFKEASAFSLLFVLQFIRPMQREVLLKKIYNSLALNGVLLVGEKIMSEDRILDKQMIELYYLYKQNQGYSHNEIAFKREALENVLVPYSLKENIALLESVGFKHVEALFKWVNFTLLVARKT,0
CCCCCCCCCCCCCCCCCCCCCCCC(=O)NCCS(=O)(=O)O,MSGQGKRLMVMAGGTGGHVFPGLAVAHHLMAQGWQVRWLGTADRMEADLVPKHGIEIDFIRISGLRGKGIKALIAAPLRIFNAWRQARAIMKAYKPDVVLGMGGYVSGPGGLAAWSLGIPVVLHEQNGIAGLTNKWLAKIATKVMQAFPGAFPNAEVVGNPVRTDVLALPLPQQRLAGREGPVRVLVVGGSQGARILNQTMPQVAAKLGDSVTIWHQSGKGSQQSVEQAYAEAGQPQHKVTEFIDDMAAAYAWADVVVCRSGALTVSEIAAAGLPALFVPFQHKDRQQYWNALPLEKAGAAKIIEQSQLSVDAVANTLAGWSREILLTMAERARAASIPDATERVANEVSRAARA,0
C=C(C)C1CCC(C)(O)C(O)C1,MLAKRIIPCLDVKDGQVVKGVQFRNHEIIGDIVPLAQRYAQEGADELVFYDITASSDGRVVDKSWVARVAEVIDIPFCVAGGIKSVEDASQILTFGADKISINSPALADPTLITRLADRYGVQCIVVGIDTWYDTESDSYQVYQFTGDEKRTKATTWQTEDWVKEVQLRGAGEIVLNMMNQDGVRNGYDLRQLQQMRAICHVPLIASGGAGTPDHFLEAFRDADVDGALAASVFHKQIINIGELKKYLSEQGVEIRVC,0
Nc1nc(=O)c2ncn(C3CC(O)C(COP(=O)(O)O)O3)c2[nH]1,MVSDMLGGNKRWILFGLLSFLLNCVLVSCSVEDIEKAANDSFLWGPYRPNLYVGIRPKIPDSLMTGLMWSNVDDYARFSKMRHSAEHGDDIGAFGWKHYDVRRGGQQVIDDFLMGIKLETDFVKLPEGNWALRVHGIPLPGAPTDLTTSLFFYAYVEGEGKVGTKVNHANHVYMEGKTPDLGKFRIQTFNRLGEHPVSPASVDLESMVMDKDFFAGFNVKKEGAWRTSELILYLLDTKMKVISDKEGYESLKDLPPAYSTLTLPNLPSEEGLQFIQKVFKGEFMFDIVFNYASSKKISEEMISQAIDKNLQEFEEKFQATFPLKAPYDTEKAHQIFAHTAFSNLFGNVGFFTGDSIVSKNPIELDDEDYEFMQGFESAAGKLAEGTAFHDIERSLFTIVPSRPHFPRGFYWDEGFHLLPVGLWDNDFSLEILKSWFSLVNEDGWVGREQILGEEARSKVPDEFQTQYPDIANPPTLILALKGYIERLQEQQGKLNNRFSGEGEDYSLDDLEYLRSVSISNPEKSVQFLRDLFPLLLRHYEWFRETQKGDFETWERECFSQVEGYRWRGRTYQHCLASGLDDYPRAQPPSTAELHVDLLSWMTSFTRSLHFVAEFLGETEEAEKLAGYENAMLRNLEDNHWDEEVQAYCDSSVDEYDDPINVCHKGYVTLLPMMLGLLPADSGRLTSLLKLIRDENELWSPYGIRSLSMNDVYFGTGENYWRGPIWINMNYLILSSLYQNYINTPGPNQNLARSIYEELRTNVVNNVFENWRQTGIFWEQYDPTTGKGQRTKDFTGWTSLVVNIMSENY,0
c1ccc(-c2ccccc2)cc1,MGRAKKVVLAYSGGVDTSVCIPYLKHEWGVEEVITFAADLGQGDELDPIRLKALDAGASQSLVGDLIEPFVEQFALPAIRANALYEGRYPLSTALARPLIARQLVEVAREVGADAVAHGCTGKGNDQVRFDLAIAALAPDLKVLTPAREWSMSREEAIAYGERCGIPAPVSKKSPYSIDLNLLGRSIEAGPLEDLMVAPPEEVFAMTSSIDAAPSQAQDIEISFEAGNPVAIDGVRLDSVGLIKEANRLAGRHGFGRLDIIENRVVGIKSREIYETPGLLLLIRAHQELESLTLAADVLRMKRQLEMQWAELVYQGLWFSPLKDALDGFMDRTQTYVNGLVRIRLQKGNAMVIGRSSDTNSLYISEMATYGSEDNFDHRAAEGFIYIWGLPSRLWAAARRG,0
CCCCCC=CCC(=O)C=CC=CC=CC(O)CCCC(=O)O,MKIVADENIPLLQPFFGSMGEIHTLPGREISNQHLRDADVLLVRSVTKVDERLLENTGVKFVGSATIGCNHVDLDYLTSRGIGFSNAPGCNASAVVEYVVSCLSVLSEQLGFELEDKTVGIIGRGEIGGRLERALTLLGLEVKSNDPPKEAAGEQNLFSLEEVLQCDIITLHTPLTDSGSYPTRELLNATIIENLRPDQILINTCRGEVIDEAALKGRLQKGDGLTVALDVWNNEPAIDVELAMLCHFATPHIAGYTLDGRTAGTEIIYQHLSRYLGLPVRHKLGQFLPEPPLRRMAFSSGVDPDWALHTAIRASYDVRHDDSQLKRTLRLDAPMRAQEFDRLRREYRVRRGFDRIKIELKGGKADLLATLSAVGFNLSSK,0
O=c1c(-c2ccc(O)cc2)coc2cc(O)ccc12,MSQIHKHPIPAAIAERCLITPEQYDAKYQQSVHDPDAFWGEQGKILDWITPYQTVKNTSFAPGNVSIKWYEDGTLNLAANCLDRHLSERGDQTAIIWEGDDATQSKHISYRELHRDVCRFANTLTSLGIKKGDVVAIYMPMVPEAAVAMLACARIGAVHSVIFGGFSPEAVAGRIIDSSARLVITADEGVRAGRAIPLKKNVDDALKNPGVTSVEHVVVFKRTGGNIEWHEGRDLWWSELVKKASAHHQPVEMNAEDPLFILYTSGSTGKPKGVLHTTGGYLVYAATTFLYAFDYHPGDIYWCTADVGWVTGHSYLLYGPLACGATTLMFEGVPNWPSANRMAQVVDKHKVNILYTAPTAIRALMAEGDKAIDGTDRSSLRILGSVGEPINPEAWEWYWKKIGNEKCPVIDTWWQTETGGFMITPLPGATELKAGSATRPFFGVQPALVDNEGNPQQGATEGNLVITDSWPGQARTLFGDHERFEQTYFSTFKNMYFSGDGARRDEDGYYWITGRVDDVLNVSGHRLGTAEIESALVSHPKIAEAAVVGIPHSIKGQAIYAYVTLNHGEEPSAELYSEVRNWVRKEIGPLATPDVLHWTDSLPKTRSGKIMRRILRKIAAGDTSNLGDTSTLADPGVVEKLLEEKQSIAMPS,0
CC(C)=CC1C(COP(=O)(O)OP(=O)(O)O)C1(C)C,MKILISNDDGVNAEGIAALTTALNQIAETLTVGPDRNCSGASNSLTLTNPLRLNTLDNGFISVSGTPTDCVHLAIRELYQDEPDMVVSGINAGANMGDDTLYSGTVAAAMEGRFLGFPAIAISLVGHELKHYDTAAHYALKIVKALQDSPIAQDKILNINVPDLPLAEVKGIKITRLGARHRAEGMVRTQDPAGREIFWLGPPGDEQDASDGTDFYAVANGYVSITPLTVDLTAFEQLSALESWLTQIHD,0
CNCC(O)c1ccc(O)c(O)c1,MKAVILLSGGLDSSTILYQAKADGCECYSISFDYQQRHRRELHSAFLVAQTAGIVQHQVVNFDLRLWGGSALTDDKIDLPQERSVDAMSQNIPVTYVPARNTIFLSFALAYAEAIAAERVYIGVNALDYSGYPDCRPDYIEAMQEVFRLGTKQGREGQPINIVAPLINLKKTAIIQLGNQLGVPWNLTWSCYNGGDVACGVCDSCRLRLAAFAELGLEDPLPYLKGV,0
CCC=CCC=CCC=CCC=CCC=CCCCC(=O)O,MAITLRQSDADFEQRFAAFLTTKREVSEDVDAGVRQIIARVRAEGDAALIDYTQRFDRADLKSLGIAVSKQDIAAAYETADPKAIEALEFARDRIRSHHERQRPKDDRYTDATGVELGWRWTAIEAVGLYVPGGTASYPSSVLMNAVPARVAGVERVVMVVPAPGGIINPLVLVAADISGVTEIYRVGGAHAIAALAYGTETIKPVAKIVGPGNAYVAAAKRQVFGTVGIDMIAGPSEVLVVADGSNNADWIAADLLAQAEHDVSAQSILITDDPAFGKAVEQAVERQLQTLPRGETAAASWRDFGAVIEVATIEAALPLVDRIAAEHVELAIDDAEGFLSRMRNAGAVFLGRHTPEAIGDYVGGSNHVLPTARSARFSSGLSVLDFVKRTSILKLGPEQLRVLAPAAIALAKAEGLDAHGRSVAIRLNM,0
[SeH2],MFYLLIFLLQMKLIKLKTDLIKAIELDRRLGFVPTMGSLHEGHKTLIKTSQKNCKKTLVSIFINPTQFNNKKDYKTYPKNLKQDLSYLKKLKVDYVYLPTIKQIYWKKNNEIKLNKSQKILCAKFRKGHFEGVLNVLDRFIELISPQKMFMGEKDFQQFFLVKNYIENKYNTKVHVCKTVREKNKLALSSRNSLLNKKSFINSGIIAKKLLSLKNEIKKNKKNYKKMIFYLKEELSKNFDIKIEYLECRNTHNLSTNIMNKPFKLFVAYYINNVRLIDNF,0
CCC(=CCCC(C)=CC(=O)OC)CCC1OC1(C)CC,MEPRDPSPEGRSSDSESASASSSGSERDAGPEPDKAPRRLTKRRFPGLRLFGHRKAITKSGLQHLAPPPPTPGAPCGESEEQIQSTVDWSESAVYGEHIWFETNVSGDFCYVGEQHCVAKMLPKSAPRKKCAACKIVVHTQCIKQLEKINFRCKPSFRESGSRNVREPTFVRHHWVHRRRQDGKCRHCGKGFQQKFTFHSKEIVAISCSWCKQAYHSKVSCFMMQQIEEPCSLGVHAAVVIPPTWILRARRPQNTLKASKKKKRASFKRRSSKKGPEEGRWRPFIIRPTPSPLMKPLLVFVNPKSGGNQGAKIIQSFLWYLNPRQVFDLSQGGPREALEMYRKVHNLRILACGGDGTVGWILSTLDQLRLKPPPPVAILPLGTGNDLARTLNWGGGYTDEPVSKILSHVEEGNVVQLDRWDLRAEPNPEAGPEERDDGATDRLPLDVFNNYFSLGFDAHVTLEFHESREANPEKFNSRFRNKMFYAGTAFSDFLMGSSKDLAKHIRVVCDGMDLTPKIQDLKPQCIVFLNIPRYCAGTMPWGHPGEHHDFEPQRHDDGYLEVIGFTMTSLAALQVGGHGERLTQCREVLLTTAKAIPVQVDGEPCKLSASRIRIALRNQATMVQKAKRRSTAPLHSDQQPVPEQLRIQVSRVSMHDYEALHYDKEQLKEASVPLGTVVVPGDSDLELCRAHIERLQREPDGAGAKSPMCHQLSSKWCFLDATTASRFYRIDRAQEHLNYVTEIAQDEIYILDPELLGASARPDLPTPTSPLPASPCSPTPGSMQGDTALPQGEELIEAAKRNDCCKLQELHRAGGDLMHRDQKSRTLLHHAVSTGSKEVVRYLLDHAPPEILDAVEENGETCLHQAAALGQRTICHYIVEAGASLMKTDLQGDTPRQRAEKAQDTELAAYLENRQHYQMIQREDQETAV,0
CC(C)=CCCC(C)=CCc1c(O)ccc2ccc(=O)oc12,MKIHEYQGKEILRKFGVAVPRGKPAFSVDEAVKVAQELGGPVWVVKAQIHAGGRGKGGGVKVAKSLEQVREYSNQILGMQLKTHQTGPEGQKVNRLLIEEGADIKKELYVGIVIDRVSQKVVVMASSEGGMDIEEVAEKTPEAIHKVAVEPSVGLQDAEADDLAKKIGVPDASIPQAREILKGLYKSFWETDASLAEINPLVLTGDGKVIALDAKFNFDSNALFRHPEIVAYRDLDEEDPAEIEASKFDLAYISLDGNIGCLVNGAGLAMATMDTIKLFGGEPANFLDVGGGATTEKVTEAFKLMLKNPGLKAILVNIFGGIMRCDVIAEGVIAGSKAVNLNVPLVVRMKGTNEDLGKKMLAESGLPIISADSMEEAAQKVVAAAAGK,0
Cc1cn(C2CC(O)C(COP(=O)(O)OP(=O)(O)OP(=O)(O)O)O2)c(=O)[nH]c1=O,MNLEELVLKYALANAVKYGGKADVKAVMSKIMAEVPELRPKAREVKSMVEAVVARVNSMSLEEQLRLLRERWPETLEERRVEQKRPGIENLAELPNVKGGVVVRFAPNPDFVLHLGSARPAILNYAYRLKYGGKFILRFEDTDPRTKKPLVTSEINAYETIREDLKWLGIKWDEEYIQSMRMEIYYEHIKKLLEKGAAYVDLCRPEEWRKLRNAGRACPHREQSPEENLELWDRMLEGRFKEGEAVVRIKTDLSHPDPSVRDWVAFRIIDTSKTPHPLVGDKYIVWPTYNFAVSIDDHLMGITHVLRAQEHSVNTIKQSYIFKHFGWEQPVTIHFGRLKIEGASLSKSKLKALGVRYDDISLPTLAGLRNRGILPEAIWELILTVGVKPSDSTIALSNLFALNRKRIEPIANRYMYVADPIKLVFKSDRELLAKIPLHPSFRERGERIYKFGPGTIELFVPRQDIKPGAVVRLMELANVEIIAVENGVAHGRLHSVGIDEARKVGAPIIQWVYEPIEIHVVKPVAVGKKVEEIGLGESALEKVETGAYVQFMRYGFLKKVGPSAFVYVHD,0
Nc1ncnc2[nH]cnc12,MSDRIRVRYAPSPTGYLHIGNARTALFNYLYAKHYNGDFVIRIEDTDKKRNLEDGETSQFDNLKWLGLDWDESVDKDNGYGPYRQSERQHIYQPLIDQLLAEDKAYKCYMTEEELEAEREAQIARGEMPRYGGQHAHLTEEQRQQFEAEGRQPSIRFRVPQNQTYSFDDMVKGNISFDSNGIGDWVIVKKDGIPTYNFAVAIDDHYMQISDVIRGDDHISNTPKQIMIYEAFGWEPPRFGHMSLIVNEERKKLSKRDGQILQFIEQYRDLGYLPEALFNFIALLGWSPEGEEEIFSKEEFIKIFDEKRLSKSPAFFDKQKLAWVNNQYMKQKDTETVFQLALPHLIKANLIPEVPSEEDLSWGRKLIALYQKEMSYAGEIVPLSEMFFKEMPALGEEEQQVINGEQVPELMTHLFSKLEALEPFEAAEIKKTIKEVQKETGIKGKQLFMPIRVAVTGQMHGPELPNTIEVLGKEKVLNRLKQYK,0
NCC1OC(OC2C(N)CC(N)C(OC3OC(CO)C(O)C(N)C3O)C2O)C(O)C(OP(=O)(O)O)C1O,MSRAALDKDPRDVASMFDGVARRYDLTNTVLSLGQDRYWRRATRSALRIGPGDKVLDLAAGTAVSSVELAKSGAWCVAADFSVGMLAAGHERRVCKVAGDATRLPFADDVFDAVTISFGLRNVVDFSAALREMARVTRPGGRLVVCEFSTPVSALFATVYKEYLMRALPRVARAVSSNPEAYVYLAESIRAWPDQAALAQQMSRAGWSAVRWRNLTGGIVALHAGYKPQPV,0
O=C(O)C(O)CCNC(C(=O)O)C(O)CN1CCC1C(=O)O,MPEYRSKTSTYGRNMAGARALWRATGMKDDDFQKPIIAIANSFTQFVPGHVHLKDLGQLVAREIERLGGVAKEFNTIAVDDGIAMGHDGMLYSLPSREIIADSVEYMANAHCADALVCISNCDKITPGMLMASLRLNIPTVFVSGGPMEAGKTKLTDHKLDLVDAMVLAADPHASDEEVAAVERSACPTCGSCSGMFTANSMNCLTEALGLSLPGNGTVVATHSDRKQLFLNAGRTVIELCHRWYGNEDATALPRGIATFAAFENAITLDIAMGGSTNTILHLLAAAQEAEVPFTMQDIDRLSRNVPQLCKVAPNTQKYHIEDVHRAGGIFGILAELARGNLLHTDVATVHSKTLGEAIATWDIIGTQDEAVHTFYKAGPAGISTQVAFSQSTRWPSLDTDRTEGCIRDMEHAFSKEGGLAVLYGNIAQDGCVVKTAGVDASIHVFEGSALVYESQEAAVKGILSDEVQPGMIVVIRYEGPKGGPGMQEMLYPTSYLKSKGLGKQCALFTDGRFSGGTSGLSIGHASPEAAAGGAIGLIRDGDRIRIDIPQRAINVLISEEELASRRLEQHAIGWKPAQSRTRKVSSALKAYALLATSADKGAVRNKTLL,0
CC1(C(=O)O)CCC2(C)CCC3(C)C(=CC(=O)C4C5(C)CCC(O)C(C)(C)C5CCC43C)C2C1,MASWVGTELSALNPLRTLWLALAAAFLLALLLQLAPAGLLPNCALFQDLIRYGKTKLSGPRRPAVCRAFDVPKRYFSHFYVVSVLWNGFLLWFLSRSLFLGAPFPNWLRALLRTLGSTQFRALEMESKASQMLVGELALSAFLVLVFLWVHSVRRLFECFYISVFSNAVMHVVQYCFGLVYYVLVGLTVLSQVPMDDKNVYMLGKNLLLPARWFHVLGMMMFLWSSAHQYECHVILSNLRRNKKGAIVHCQHRIPFGDWFEYVSSANYLAELMIYISMAVTFGFHNFTWWLVVAYVFFCQALSAFFNHKFYKSTFVSYPKHRKAFLPFLF,0
Cc1cn(C2CC(O)C(COP(=O)(O)O)O2)c(=O)[nH]c1=O,MRIAITGTPGVGKTTISKVLRDRLGIKVIDITEAVKKYKLYTEKDEDMDSYVIDFEKLEKFIDEIEEKEKTIILDGHVSHLLNPDYIIVLRCNPEIIKERLEKRGYKPKKVLENIQAEILDVCLCESKGKVYEIDTTNRDVENIVDEIIEAIKHKKERKGVVDWTEKYFDYLTLEIK,0
CC(C)C(C)CCC(C)C1CCC2C3CCC4=CC(=O)CCC4(C)C3CCC12C,MVKIIGIAGGSGSGKTTIVNKISEVIPEFVLISQDNYYKSVGDYEYEFLDVNFDHPDAFDNNLFYKQLKKIKENKLIHMPLYDFINHRRKDETVEIVPTPVVIVEGIMIFVEERVRNLIDLKIYIDTPNDIRFIRRLERDMSKRGRTLESVIEQYLSTTRAGYYRFIEPTKEYADLIIPEGGHNDKALYVLSSFLRTLGKEGADFF,0
C=C1CCC2CC1C2(C)CCC=C(C)C,MSLIEGLLQTSSTVTLLGTVLFLLVPYLRSSGSSSEEQGKEPPGPRPLPLLGNMLQLDLKKPYCTLCELSKKYGSIFTVHFGSKKVVVLAGYKTVKQALVNQAEDFGERDITPAFYDFNQGHGILFTNGDSWKEMRRFALTNLRDFGMGKKGSEEKILEEIPYLIEVLEKHEGKAFDTTQSVHHAVSNIISAIVYGSRFEYTDPLFTGMVDRVNENVHLIGSASIQMYNMFPWLGPWINNLTRLKKNVADLKMEVIELVRGLKETLNPHMCRGFVDSFLVRKQTLEESGKMDSFYHDDNLLFSIGNLFGAGTDTTGTTLRWGLLLMAKYPHIQDQVQEEISRVIGSRQTLVEDRKNLPYTDAVIHETQRLANISPMAVPHTTSRDVTFQGYFIKKGTSVIPLLMSVLQDDNEWESPNTFNPSHFLDEQGGFVKRDAFMAFSAGRRVCLGEGLARMELFLFFTSLLQRFRFSPPPGVTEDDLDLTPLLGFTLHPSPHQLCAVSRV,0
CC12CCC3C(C(O)CC4=CC(=O)CCC43C)C1CCC2=O,MVTKAPAKTEYEAVIGLETHCQLSTKTKIFCNCSTAFGADPNHQVCSICMGMPGVLPVLNETVLEYAVKAGRALNCEIAKYSKFDRKQYFYPDLPKNYQVSQFDLPIAEHGWLEVEIVDEQGEATRKKIGITRLHMEEDAGKLVHGGSDRLAGSTHSLVDFNRTGIPLIEIVSEPDMRTGLEAAEYAQEIRRIVRYLGVSDGNMQEGSLRCDVNISVRPRGQKEFGTKVEIKNMNSFSAIHRAIDYEIARQIEAIETGEPIIQETRLWEEGAQRTIGMRSKEGSSDYRYFPEPDLTPIEVAPSLLKQWQSELPELPAAKRHRYEEEIGLSPYDTRILTDDHAITQYFEATLKAGASAKQAANWLMGDITGYLNNESLSITDIALTPEALAELIELIEANTISGKIAKELLPELLTKGGSPKKLVKKKGLTQISDAATLESLIDEVLAAHPQELEQYRNGKTKLQGFFMGQVMKRTSGRADPKATNQMLAKKLKG,0
CC(C)(COP(=O)(O)OP(=O)(O)OCC1OC(n2cnc3c(N)ncnc32)C(O)C1OP(=O)(O)O)C(O)C(=O)NCCC(=O)NCCSC(=O)CCc1ccc(O)cc1,MSSLSKEAELVHQALLARGLETPLRKPELDAETRKTRIQAHMTEVMHLLNLDLTDDSLADTPRRIAKMYVDEIFSGLDYENFPKITLIQNKMKVDEMVTVRDITLTSTCEHHFVTIDGKATVAYIPKDSVIGLSKINRIVQFFAQRPQVQERLTQQILLALQTLLGTNNVAVSIDAVHYCVKARGIRDATSATTTTSLGGLFKSSQNTRQEFLRAVRHHG,0
CCCCCCCCCCCCCCCC(O)C(CO)NC(=O)C(O)CCCCCCCCCCCCCC,MKALLRQVAEGKDLTEAQAEAAMTLMMTGEATPAQVAAFLMALRIKGETVAEITGAARVMRERAIRIHHSRPLVVDTCGTGGDGSHTFNISTTAAFVVAGAGVAVAKHGNRAATSLTGSADVLEALGIHLDLTPEEVGRCIDEVGIGFLYAPALHTSMKHVAPVRREIGLRNIFNLLGPLTNPAMAQAQLMGVYDPNLTEPLARVLGNLGVKHALVVHGTDGVDEISISAPTVVSEMRDGFVHTYRVVPEDVGLSRAPREYIRGGTKEENARITESVLSGEPGPRRDVVLLNAAAALLAADRVRTLREGVELAAQSIDSGEARRVLERMREFTHRLRAESA,0
CC(CCC(O)C(C)C(=O)SCCNC(=O)CCNC(=O)C(O)C(C)(C)COP(=O)(O)OP(=O)(O)OCC1OC(n2cnc3c(N)ncnc32)C(O)C1OP(=O)(O)O)C1CCC2C3C(O)CC4CC(O)CCC4(C)C3CCC12C,MIIVLLGAPGAGKGTQSVLVAEKYGLKHISTGDLLREEIANNTELGKQAKKLIDGGNLVPDEMILGLLKNAFLNRGKGVVLDGFPRTLSQAEMMHPIVKGLAEKLSAVINIKLSEDEITQRIVLRRQCKNCGNIFNLRFIKNFDGKCPKCGSTDIYQRADDNEESAKNRINVYHSQTEPVVGFYKNKTYYKEVDGSKNKEEVFEEISKFINRKK,0
BrC1=CC=CC2OC12,MASVTLGSWIVVHHHNHHHPSSILTKSRSRSCPITLTKPISFRSKRTVSSSSSIVSSSVVTKEDNLRQSEPSSFDFMSYIITKAELVNKALDSAVPLREPLKIHEAMRYSLLAGGKRVRPVLCIAACELVGGEESTAMPAACAVEMIHTMSLIHDDLPCMDNDDLRRGKPTNHKVFGEDVAVLAGDALLSFAFEHLASATSSDVVSPVRVVRAVGELAKAIGTEGLVAGQVVDISSEGLDLNDVGLEHLEFIHLHKTAALLEASAVLGAIVGGGSDDEIERLRKFARCIGLLFQVVDDILDVTKSSKELGKTAGKDLIADKLTYPKIMGLEKSREFAEKLNREARDQLLGFDSDKVAPLLALANYIAYRQN,0
O=P(O)(O)OCC(O)C(O)c1c[nH]cn1,MLKIAETEFGSRLFTGTGKFASGKLMQEAIAASGSELVTLAMKRVDFKTGSDDILAPLLSRGVRLLPNTSGARNAKEAIFAAELAREMLGTEWLKLEIHPDPKYLMPDPMETFAAAKELVSQGFKVLPYVHADPVLCRRLEEIGCAAVMPLGSPIGSNQGLVSREFLKIIIEQASIPVVVDAGIGAPSHACEAMELGADAVLVNTAIASSADPVRMARAFALAVQIGREAYLAGLGSKSLHAHETSPLTGFLNTGLSTTGLVDSGMAEKLL,0
OCC1OC(Oc2cc3c(OC4OC(CO)C(O)C(O)C4O)cc(O)cc3[o+]c2-c2ccc(O)c(O)c2)C(O)C(O)C1O,MAAAAAIAAALLRRSTSSQHHRRILLLPLLSHLQRAAPRSPSPWDPPPHHRFFFSSDVTAEGDSKPRPPLDGKQLWREVSTSEPATGASRLPKATWDAVVALLRRFGKDPAMSDQALALYIPASAFPTYARRFRHFLPARLSLESAEHLLSLPADDAHALLLPAFAEFCVTHLADELRKHESVMAAADLTAPHAWYPFARAMRRRVVYHCGPTNSGKTHNALTRFAAAKSGVYCSPLRLLAMEVFDKVNALGVYCSLRTGQEIKEVPFSNHVACTIEMLSTEEPYEVAVVDEIQMMADPVRGYAWTRAVLGLKADEIHLCGDPSVLKIVRKICADTGDDLEVHQYERFKPLVVEAKTLLGDLKNVRSGDCIVAFSRREIFEVKLAIEKFTKHKCCVIYGALPPETRRQQAKLFNEQDNEYDVLVASDAVGMGLNLNIRRVVFYSLAKYNGDRMVPVAASQVKQIAGRAGRRGSIYPDGLTTTFLLDDLDYLIQCLQQPFEEAKKVGLFPCFEQVESFAIQFPDLTFNELLDKFRENCRVDSTYFMCHQESIKKVANMLERIQGLSLKDRYNFCFAPVNIRDPKAMYHLLRFATNYSQSRRVSIAMGMPKGSAKNDTELLDLETKHQVLSMYLWLSHHFEEDHFPHVQKAEEMSINIADLLAKSLAKASWKPTSRQQAKPRRENEEDNDVEQASDDNAKNDSEDGYERSISRIKPFMRKRLDRPSQDPSSLNFVA,0
[Fe+2],MNILIFGPPGSGKSTHSRTITERYGLTYISSGDMIRAEIEKGSELGKELKKYLAKGELIPDIVVNTLVISRLRRDRNNFIIDGYPRTAEQVLALENYLYDHGIRIDVAMEIFISKEESVERISGRRICPKCGAVYHLRYRPPKVPGKCDLCGSQLIQREDDRSEIVAKRYDLYVKNMEPIIKFYKKQGIYVRVDGHGSINEVWERIRPLLDYIHNREKKRKENE,0
O=C1NC(=O)c2c1c1c3cccc(Cl)c3[nH]c1c1[nH]c3c(Cl)cccc3c21,MEADGLGCAVCVLTGASRGFGRALAPQLARLLSPGSVMLVSARSESMLRQLKEELGAQQPDLKVVLAAADLGTEAGVQRLLSAVRELPRPEGLQRLLLINNAATLGDVSKGFLNVNDLAEVNNYWALNLTSMLCLTSGTLNAFQDSPGLSKTVVNISSLCALQPYKGWGLYCAGKAARDMLYQVLAAEEPSVRVLSYAPGPLDNDMQQLARETSKDPELRSKLQKLKSDGALVDCGTSAQKLLGLLQKDTFQSGAHVDFYD,0
CC(=O)NCCCNCCCCNCCCNC(C)=O,MDDNKRPLYLPFAGPAILEAPLINKGSAFTDEERIFFNLEGLLPHVIETIEEQASRAYDQYKNFTNDLDKHIYLRNIQDTNETLYYRLVQNHITEMMPIIYTPTVGMACERFSKDYRRNRGLFISYPNKDRIDDILNNSTRQKVKIIVVTDGERILGLGDQGIGGMGIPIGKLSLYTSCGGISPAYTLPITLDVGTDNPHLLEDPMYMGWRNPRIGGEEYTEFVEAFMQAVHRRWPDALIQFEDFAQKNAMPLLERYKDQYCCFNDDIQGTAAVTVGSLLAACKAAGTQLCQQRITFLGAGSAGCGIAEAIVAQMVSEGIAESQARKQVFMVDRWGMLQSNMPNLLPFQQKLAQDCDDITNWDNFSENISLLDVVNNAKPTILIGVSGAPGLFSEEIIKAMHSHCERPIVFPLSNPTSRVEATPKDILHWTKGQALVATGSPFEPVVVDDITYEIAQCNNSYIFPGIGLGVLAAGAERVSDAMLMASSRALAECSPLSINGEGSLLPQLEDIHKVSKHIAFAVAKVAIEEGHALPTSDELLSQAIEDNFWTAEYRRYKRTSF,0
O=c1ccn(C2CC(O)C(COP(=O)(O)OP(=O)(O)O)O2)c(=O)[nH]1,MTQLFYDTDADLSLLNNKTIAIIGYGSQGHAHALNLKDSGMDVIVGLYKGSKSESKAVSDGLQVFSVSEACEKADWIMILLPDEFQKDVYLKEIEPNLKEGKILSFAHGFNIRFGLIKPPSFVDVVMIAPKGPGHTVRWEYQNGQGVPALFAVEQDSSGSARSLAMAYAKGIGGTRAGILETNFKEETETDLFGEQAVLCGGLSELVKSGFETLVEAGYQPELAYFECLHEVKLIVDLMVKGGLSQMRDSISNTAEYGDYVSGKRLINSDTKKEMQKILKDIQDGTFAKNFVEECDKNKPLMTKLREENSKHEIEKVGKGLRSMFSWLK,0
O=C(O)C(O)CS(=O)(=O)O,MWLAVNIGNSRQHWGWFTGTKLVRTLDFPLTHWDAQAPDAAEQIVVASVTTTHLERWRTLPHARILNLADVPLSGTYPTLGIDRALNLIAAADAYGCPALVTDFGTAITLSAVDEFGRFCGGAILPGLGTQLRALEHFTAALPAVDLPEPWPPLLARTTQAAIQSGVVRVTLAGLAQFLESWKRQYPGGISVATGGDSERVHRWLPDLFDVQDTHLTLWGICVAARGAD,0
CC(C=CC1(O)C(C)=CC(=O)CC1(C)C)=CC(=O)O,MPTMIKKDDKAMEPPNEKPHRKIERDDVPESSNHIPPPESGVLKGGKVNSKTRALKAVTSIIADADENPQKKVNNETNGVQKQKTEDLSKRIGKFEYLFYKFLLVLLYICFGLFRYGQYQYNKMKLRIFSIIYNHAYTPQLIRQDVIPLKKIPKRLAAILEVKPVGDVGGGVTGLLNDASEIVCWTVSAGIKHLMLYDYDGILQRNVPELRMEIHSNLAKYFGPAHVPNYAVKIPHSNKIFYNLDGIETETDVGNEIEANQEKDKIAIEISLLSNRDGRETIVDLTKTMAELCAVNELSVSDITMDLVDSELKQLVGPEPDLLLYFGPSLDLQGFPPWHIRLTEFYWEKDNNEVIYSVFIRGLRQYAGCKVNVGK,0
Nc1ncnc2c1ncn2C1CC(O)C(COP(=O)(O)OP(=O)(O)O)O1,MQTHEIRKRFLDHFVKAGHTEVPSASVILDDPNLLFVNAGMVQFVPYFLGARTPPYPTATSIQKCIRTPDIDEVGITTRHNTFFQMAGNFSFGDYFKREAIELAWTLLTGSVEQGGYGLDPERIWTTVYFDDDEAVRLWQEIAGLPAERIQRRGMEDNYWSMGIPGPCGPSSEIYYDRGEEFGVGGGPIANEDRYVELWNLVFMQSERGEGTSKTDFEILGPLPRKNIDTGMGVERVAFVLQGVHNVYETDLLRPVIDAVAARAPRPYDAGNHDDDVRYRIIADHSRTAAILIGDGVTPGNDGRGYVLRRLLRRVIRSARLLDIEGPIVGDLMATVRDAMGPSYPELVTDFDRIARIAVAEETAFNRTLAAGSKLFDEVASTTKATGAKSISGSDAFTLHDTYGFPIELTLEMASEAGLQVDEVGFRELMAEQRRRAKADAAARKHAHADLTAYRELVDAGPTEFTGFDELSSEARILGIFVDGKRVPVVTHGGDGADRVELVLDRTPLYAESGGQIADEGTISGTGAGESARAAVTDVQKIAKTLWVHRVNVESGEFVEGDTVIAAVDPQWRRGATQGHSGTHMVHAALRQVLGPNAVQAGSLNRPGYLRFDFNWQGPLTEEQRTQIEEVTNQAVQADFEVHTFTEQLEKAKAMGAIALFGESYPEQVRVVEIGGPFSLELCGGTHVHNSAQIGPVTILGESSVGSGVRRVEAYVGLDSFRHLAKERALMAGLASSLKVPSEEVPARVANLVERLRAAEKELERMRLASARAAAGNAAAGAERIGNVRVVAQRMSGGMTAADLRSLVGDIRGKLGSDPAVVALIAEGEGGSVPYAVAANPAAQDLGIRANDLVKQLAAPVDGRGGGKADLAQGSGKDPAGIDAALDAVRSEIAAIARVG,0
O=S(O)(O)=S,MFKVNEYFDGTVKSIAFDMTAGPATIGVMAAGEYEFGTSQLEIMHVVAGALTVKLPGSDEWQEYASGSQFTVPANSKFQLKVAQDTAYLCEYR,0
O=C(O)CCc1c2[nH]c(c1CC(=O)O)Cc1[nH]c(c(CC(=O)O)c1CCC(=O)O)Cc1[nH]c(c(CC(=O)O)c1CCC(=O)O)Cc1[nH]c(c(CC(=O)O)c1CCC(=O)O)C2,MSVDLATVKRVARLARIAVSEDEANRMVGELNGILGFVEQLSEVNVDGVEAMTSVTPTAMKKRTDEVTDGSKAADIVANAPVTDHNFFLVPKVVE,0
CCCCCCCCCCCCCCCC(=O)OCC(O)COP(=O)(O)OCC(O)CO,MSAIAPGMILIAYLCGSISSAILVCRLCGLPDPRTSGSGNPGATNVLRIGGKGAAVAVLIFDVLKGMLPVWGAYELGVSPFWLGLIAIAACLGHIWPVFFGFKGGKGVATAFGAIAPIGWDLTGVMAGTWLLTVLLSGYSSLGAIVSALIAPFYVWWFKPQFTFPVSMLSCLILLRHHDNIQRLWRRQETKIWTKFKRKREKDPE,0
CC(=CCNc1ncnc2[nH]cnc12)COC1OC(CO)C(O)C(O)C1O,MSVHAATNPINKHVVLIDNYDSFTWNVYEYLCQEGAKVSVYRNDAITVPEIAALNPDTLLISPGPGHPKTDSGISRDCIRYFTGKIPVFGICMGQQCMFDVFGGEVAYAGEIVHGKTSPISHDNCGIFKNVPQGIAVTRYHSLAGTESSLPSCLKVTASTENGIIMGVRHKKYTVEGVQFHPESILTEEGHLMIRNILNVSGGTWEENKSSPSNSILDRIYARRKIDVNEQSKIPGFTFQDLQSNYDLGLAPPLQDFYTVLSSSHKRAVVLAEVKRASPSKGPICLKAVAAEQALKYAEAGASAISVLTEPHWFHGSLQDLVNVRKILDLKFPPKERPCVLRKEFIFSKYQILEARLAGADTVLLIVKMLSQPLLKELYSYSKDLNMEPLVEVNSKEELQRALEIGAKVVGVNNRDLHSFNVDLNTTSNLVESIPKDVLLIALSGITTRDDAEKYKKEGVHGFLVGEALMKSTDVKKFIHELCE,0
CC(C)CC(N)C(=O)O,MWGRDYELKYISYPKSVAIIGASKTEGKVGYAIMKNLKDFNGKIYPINPKYDEIFGIKCYKSVLDVEDDIDLAVIVVPNIVVPKVLEECGKKGVKGAVIITAGFSEVGNYELENKIKEIAKRYNIRIIGPNCLGIMNTHINLNATFAKVFPPKGGVSIISQSGAVLNAILDIAPLLNIGFSKVVSIGNKADIQESDLLEYFLDDEDTKIVVLYIEGLKDKRFLKVAKKLSKKKPIIALKSGRTEVGKKAAKSHTGSLAGEDVIYEAAFKEAGIIRAYTFEELVDLIHLFSTQPTISSNEIGIITNAGGFGVLAADSCVDYNMKLSNFEKSTIEKLKNILPPTANISNPLDIIGDATPERYKKVIEVLAEDSNVKGLLVILTPQEMTKPLEVAKSIIEVKNSHKEFKNKPLITSFVGGVSVKGAKSYLRKNGIPAYITPENGVKALSHLYKYSLMKVKEDYDEYLENIKEEFIKITEENKEIIKELLSNPNEYTAKKLLSIYGLPVPKGYLAKNEDEALEYCKKLGKCVMKIVSPQIIHKTEAGGVIINPKNPKEAFKKLIENAKEYAKRMGIDNLIIEGVLVEEFIEKDMMEIIIGAKRDDIFGSVVMVGLGGVFVEVLKDVSFGISPITRDFAHEMLRELKSYKVLEGVRGRPKRDINFIVDTLIKIGVFMDIHKEIKELDLNPVFVFNEKEGGCIGDARIIK,0
CCCCCCCCCCCCCCCCCC(=O)O,MSLLEAIVLGLVQGLTEFLPISSTAHLRIAPELFGWRDPGAAYSAVIQLGTVAAVLIYFRKDIVSLVAAFFRGLARREPFGTLEARLAWFVLVGTLPVGIAGLTLKKFIENEFRSLYVISGSLIVLALILLVVEKRASHQRTLADMRWKDGILIGMWQALALIPGASRSGTTLTGGLSLGLKREDAARYSFLLSIPATTLAGVFELKHLLEAETRPSAMALWVGTLVAFASGMAAIAWLLRFLRTRTTLVFVVYRVALGVLLLVLLQTGKLSPMSGVENVEVPGEPGAPPVEKQITD,0
O=c1ccn(C2OC(CO)C(O)C2O)c(=O)[nH]1,MNNIAYKWQTRWEEDKIYESNPNPSKPKFFTTVAFPYPNSPWHIGHGRTYVTGDILARYKRMRGYNVLFPMAFHYTGTPIMAMADAIAKGDKELIETFKDIYEISPDVIPRMSDPLFMANYFKEDIKASMREIGLGIDWRREFTTIDPEFSSFVTWQFHKLQSKGYIVKDTHPVGWCPVHHIPVGMHDTKGDVEPEIGEFVLIYFNSEKGIFPAATLRPETIFGATALWINPSEMYVVASMLGKKMILSEKAAAKLSFQIDDIEIEEKIKGSKLVGLKVENPITGKHIAVLGADFVDVSLGTGVVMSVPAHAPFDYYYSKKTFKNNNIEIIPVITVEGLGNALAKDVVEKNNPKSDEDLKKLTEYVYRTEYNKGVLRSDLGNLIREEYRNELKSLGGLPVPKGRELITNFLISKGLGRKIFEVMNKPVYCRCGTEIVVKILKDQWFLDYSNKEWKELARKSLSKINVIPEESRKDFEFTIEWLEKRACARTRGLGTPLPWDKKWIIESLSDSTIYMAYYTISHKIKQYKLSPSKLTQEFWDYVMLGIGNLEEISEKTGIPSNIIKEFREEFLYWYPLDIRHSGKDLIPNHLTFFIFNHAAIFQENLWPKAIAVNGLVLYEGKKMSKSLRNIIPLRKGLKMYGVDVMRIAVSSTADMGSDVNFSESLVKTVGETLRKMYELFKSLDNYTGDILGFPEKWLLSRIYEITSSTTRHMEALELRDAVNELLFVFSSDLDEYFGMVSAEGREANNKVLREVLTIWLKLITPFAPHLAEEIWHEILKQKTYIVNEGWPEVEGSKMDELTLLEHEYMKRIVEDIRSILNIFKGTPKLIKIYALNDSRYMELLRDAIVANGQMKKFMDIHKPKSREDARILQKIFNESLEIDDKMKKLVTNYNINEVDVLNKLSKYIRRKLNVDILIEPYDEEVKKTYNKEAMPLRPAIIIE,0
